Copyright 1986-2022 Xilinx, Inc. All Rights Reserved.
--------------------------------------------------------------------------------------------------------------------------------------------------------------------------
| Tool Version : Vivado v.2022.2 (win64) Build 3671981 Fri Oct 14 05:00:03 MDT 2022
| Date         : Wed May 13 21:35:19 2026
| Host         : QuanYuan running 64-bit major release  (build 9200)
| Command      : report_methodology -file mb_final_top_methodology_drc_routed.rpt -pb mb_final_top_methodology_drc_routed.pb -rpx mb_final_top_methodology_drc_routed.rpx
| Design       : mb_final_top
| Device       : xc7s50csga324-1
| Speed File   : -1
| Design State : Fully Routed
--------------------------------------------------------------------------------------------------------------------------------------------------------------------------

Report Methodology

Table of Contents
-----------------
1. REPORT SUMMARY
2. REPORT DETAILS

1. REPORT SUMMARY
-----------------
            Netlist: netlist
          Floorplan: design_1
      Design limits: <entire design considered>
             Max violations: <unlimited>
             Violations found: 351
+-----------+------------------+----------------------------------------------------+------------+
| Rule      | Severity         | Description                                        | Violations |
+-----------+------------------+----------------------------------------------------+------------+
| TIMING-4  | Critical Warning | Invalid primary clock redefinition on a clock tree | 1          |
| TIMING-6  | Critical Warning | No common primary clock between related clocks     | 1          |
| TIMING-7  | Critical Warning | No common node between related clocks              | 1          |
| TIMING-17 | Critical Warning | Non-clocked sequential cell                        | 52         |
| TIMING-27 | Critical Warning | Invalid primary clock on hierarchical pin          | 1          |
| LUTAR-1   | Warning          | LUT drives async reset alert                       | 4          |
| TIMING-9  | Warning          | Unknown CDC Logic                                  | 1          |
| TIMING-18 | Warning          | Missing input or output delay                      | 33         |
| TIMING-20 | Warning          | Non-clocked latch                                  | 256        |
| LATCH-1   | Advisory         | Existing latches in the design                     | 1          |
+-----------+------------------+----------------------------------------------------+------------+

2. REPORT DETAILS
-----------------
TIMING-4#1 Critical Warning
Invalid primary clock redefinition on a clock tree  
Invalid clock redefinition on a clock tree. The primary clock mb_block/hdmi_text_controller_0/inst/clk_wiz/inst/clk_in1 is defined downstream of clock clk_out1_mb_final_clk_wiz_1_0 and overrides its insertion delay and/or waveform definition
Related violations: <none>

TIMING-6#1 Critical Warning
No common primary clock between related clocks  
The clocks clk_out1_mb_final_clk_wiz_1_0 and clk_out1_clk_wiz_0 are related (timed together) but they have no common primary clock. The design could fail in hardware. To find a timing path between these clocks, run the following command: report_timing -from [get_clocks clk_out1_mb_final_clk_wiz_1_0] -to [get_clocks clk_out1_clk_wiz_0]
Related violations: <none>

TIMING-7#1 Critical Warning
No common node between related clocks  
The clocks clk_out1_mb_final_clk_wiz_1_0 and clk_out1_clk_wiz_0 are related (timed together) but they have no common node. The design could fail in hardware. To find a timing path between these clocks, run the following command: report_timing -from [get_clocks clk_out1_mb_final_clk_wiz_1_0] -to [get_clocks clk_out1_clk_wiz_0]
Related violations: <none>

TIMING-17#1 Critical Warning
Non-clocked sequential cell  
The clock pin mb_block/hdmi_text_controller_0/inst/hdmi_text_controller_v1_0_AXI_inst/control_regs_reg[0][0]/C is not reached by a timing clock
Related violations: <none>

TIMING-17#2 Critical Warning
Non-clocked sequential cell  
The clock pin mb_block/hdmi_text_controller_0/inst/hdmi_text_controller_v1_0_AXI_inst/control_regs_reg[0][10]/C is not reached by a timing clock
Related violations: <none>

TIMING-17#3 Critical Warning
Non-clocked sequential cell  
The clock pin mb_block/hdmi_text_controller_0/inst/hdmi_text_controller_v1_0_AXI_inst/control_regs_reg[0][11]/C is not reached by a timing clock
Related violations: <none>

TIMING-17#4 Critical Warning
Non-clocked sequential cell  
The clock pin mb_block/hdmi_text_controller_0/inst/hdmi_text_controller_v1_0_AXI_inst/control_regs_reg[0][12]/C is not reached by a timing clock
Related violations: <none>

TIMING-17#5 Critical Warning
Non-clocked sequential cell  
The clock pin mb_block/hdmi_text_controller_0/inst/hdmi_text_controller_v1_0_AXI_inst/control_regs_reg[0][13]/C is not reached by a timing clock
Related violations: <none>

TIMING-17#6 Critical Warning
Non-clocked sequential cell  
The clock pin mb_block/hdmi_text_controller_0/inst/hdmi_text_controller_v1_0_AXI_inst/control_regs_reg[0][14]/C is not reached by a timing clock
Related violations: <none>

TIMING-17#7 Critical Warning
Non-clocked sequential cell  
The clock pin mb_block/hdmi_text_controller_0/inst/hdmi_text_controller_v1_0_AXI_inst/control_regs_reg[0][15]/C is not reached by a timing clock
Related violations: <none>

TIMING-17#8 Critical Warning
Non-clocked sequential cell  
The clock pin mb_block/hdmi_text_controller_0/inst/hdmi_text_controller_v1_0_AXI_inst/control_regs_reg[0][16]/C is not reached by a timing clock
Related violations: <none>

TIMING-17#9 Critical Warning
Non-clocked sequential cell  
The clock pin mb_block/hdmi_text_controller_0/inst/hdmi_text_controller_v1_0_AXI_inst/control_regs_reg[0][17]/C is not reached by a timing clock
Related violations: <none>

TIMING-17#10 Critical Warning
Non-clocked sequential cell  
The clock pin mb_block/hdmi_text_controller_0/inst/hdmi_text_controller_v1_0_AXI_inst/control_regs_reg[0][18]/C is not reached by a timing clock
Related violations: <none>

TIMING-17#11 Critical Warning
Non-clocked sequential cell  
The clock pin mb_block/hdmi_text_controller_0/inst/hdmi_text_controller_v1_0_AXI_inst/control_regs_reg[0][19]/C is not reached by a timing clock
Related violations: <none>

TIMING-17#12 Critical Warning
Non-clocked sequential cell  
The clock pin mb_block/hdmi_text_controller_0/inst/hdmi_text_controller_v1_0_AXI_inst/control_regs_reg[0][1]/C is not reached by a timing clock
Related violations: <none>

TIMING-17#13 Critical Warning
Non-clocked sequential cell  
The clock pin mb_block/hdmi_text_controller_0/inst/hdmi_text_controller_v1_0_AXI_inst/control_regs_reg[0][20]/C is not reached by a timing clock
Related violations: <none>

TIMING-17#14 Critical Warning
Non-clocked sequential cell  
The clock pin mb_block/hdmi_text_controller_0/inst/hdmi_text_controller_v1_0_AXI_inst/control_regs_reg[0][21]/C is not reached by a timing clock
Related violations: <none>

TIMING-17#15 Critical Warning
Non-clocked sequential cell  
The clock pin mb_block/hdmi_text_controller_0/inst/hdmi_text_controller_v1_0_AXI_inst/control_regs_reg[0][22]/C is not reached by a timing clock
Related violations: <none>

TIMING-17#16 Critical Warning
Non-clocked sequential cell  
The clock pin mb_block/hdmi_text_controller_0/inst/hdmi_text_controller_v1_0_AXI_inst/control_regs_reg[0][23]/C is not reached by a timing clock
Related violations: <none>

TIMING-17#17 Critical Warning
Non-clocked sequential cell  
The clock pin mb_block/hdmi_text_controller_0/inst/hdmi_text_controller_v1_0_AXI_inst/control_regs_reg[0][24]/C is not reached by a timing clock
Related violations: <none>

TIMING-17#18 Critical Warning
Non-clocked sequential cell  
The clock pin mb_block/hdmi_text_controller_0/inst/hdmi_text_controller_v1_0_AXI_inst/control_regs_reg[0][25]/C is not reached by a timing clock
Related violations: <none>

TIMING-17#19 Critical Warning
Non-clocked sequential cell  
The clock pin mb_block/hdmi_text_controller_0/inst/hdmi_text_controller_v1_0_AXI_inst/control_regs_reg[0][26]/C is not reached by a timing clock
Related violations: <none>

TIMING-17#20 Critical Warning
Non-clocked sequential cell  
The clock pin mb_block/hdmi_text_controller_0/inst/hdmi_text_controller_v1_0_AXI_inst/control_regs_reg[0][27]/C is not reached by a timing clock
Related violations: <none>

TIMING-17#21 Critical Warning
Non-clocked sequential cell  
The clock pin mb_block/hdmi_text_controller_0/inst/hdmi_text_controller_v1_0_AXI_inst/control_regs_reg[0][28]/C is not reached by a timing clock
Related violations: <none>

TIMING-17#22 Critical Warning
Non-clocked sequential cell  
The clock pin mb_block/hdmi_text_controller_0/inst/hdmi_text_controller_v1_0_AXI_inst/control_regs_reg[0][29]/C is not reached by a timing clock
Related violations: <none>

TIMING-17#23 Critical Warning
Non-clocked sequential cell  
The clock pin mb_block/hdmi_text_controller_0/inst/hdmi_text_controller_v1_0_AXI_inst/control_regs_reg[0][2]/C is not reached by a timing clock
Related violations: <none>

TIMING-17#24 Critical Warning
Non-clocked sequential cell  
The clock pin mb_block/hdmi_text_controller_0/inst/hdmi_text_controller_v1_0_AXI_inst/control_regs_reg[0][30]/C is not reached by a timing clock
Related violations: <none>

TIMING-17#25 Critical Warning
Non-clocked sequential cell  
The clock pin mb_block/hdmi_text_controller_0/inst/hdmi_text_controller_v1_0_AXI_inst/control_regs_reg[0][31]/C is not reached by a timing clock
Related violations: <none>

TIMING-17#26 Critical Warning
Non-clocked sequential cell  
The clock pin mb_block/hdmi_text_controller_0/inst/hdmi_text_controller_v1_0_AXI_inst/control_regs_reg[0][3]/C is not reached by a timing clock
Related violations: <none>

TIMING-17#27 Critical Warning
Non-clocked sequential cell  
The clock pin mb_block/hdmi_text_controller_0/inst/hdmi_text_controller_v1_0_AXI_inst/control_regs_reg[0][4]/C is not reached by a timing clock
Related violations: <none>

TIMING-17#28 Critical Warning
Non-clocked sequential cell  
The clock pin mb_block/hdmi_text_controller_0/inst/hdmi_text_controller_v1_0_AXI_inst/control_regs_reg[0][5]/C is not reached by a timing clock
Related violations: <none>

TIMING-17#29 Critical Warning
Non-clocked sequential cell  
The clock pin mb_block/hdmi_text_controller_0/inst/hdmi_text_controller_v1_0_AXI_inst/control_regs_reg[0][6]/C is not reached by a timing clock
Related violations: <none>

TIMING-17#30 Critical Warning
Non-clocked sequential cell  
The clock pin mb_block/hdmi_text_controller_0/inst/hdmi_text_controller_v1_0_AXI_inst/control_regs_reg[0][7]/C is not reached by a timing clock
Related violations: <none>

TIMING-17#31 Critical Warning
Non-clocked sequential cell  
The clock pin mb_block/hdmi_text_controller_0/inst/hdmi_text_controller_v1_0_AXI_inst/control_regs_reg[0][8]/C is not reached by a timing clock
Related violations: <none>

TIMING-17#32 Critical Warning
Non-clocked sequential cell  
The clock pin mb_block/hdmi_text_controller_0/inst/hdmi_text_controller_v1_0_AXI_inst/control_regs_reg[0][9]/C is not reached by a timing clock
Related violations: <none>

TIMING-17#33 Critical Warning
Non-clocked sequential cell  
The clock pin mb_block/hdmi_text_controller_0/inst/hdmi_text_controller_v1_0_AXI_inst/control_regs_reg[1][0]/C is not reached by a timing clock
Related violations: <none>

TIMING-17#34 Critical Warning
Non-clocked sequential cell  
The clock pin mb_block/hdmi_text_controller_0/inst/hdmi_text_controller_v1_0_AXI_inst/control_regs_reg[1][1]/C is not reached by a timing clock
Related violations: <none>

TIMING-17#35 Critical Warning
Non-clocked sequential cell  
The clock pin mb_block/hdmi_text_controller_0/inst/hdmi_text_controller_v1_0_AXI_inst/control_regs_reg[1][2]/C is not reached by a timing clock
Related violations: <none>

TIMING-17#36 Critical Warning
Non-clocked sequential cell  
The clock pin mb_block/hdmi_text_controller_0/inst/hdmi_text_controller_v1_0_AXI_inst/control_regs_reg[1][3]/C is not reached by a timing clock
Related violations: <none>

TIMING-17#37 Critical Warning
Non-clocked sequential cell  
The clock pin mb_block/hdmi_text_controller_0/inst/hdmi_text_controller_v1_0_AXI_inst/control_regs_reg[1][4]/C is not reached by a timing clock
Related violations: <none>

TIMING-17#38 Critical Warning
Non-clocked sequential cell  
The clock pin mb_block/hdmi_text_controller_0/inst/hdmi_text_controller_v1_0_AXI_inst/control_regs_reg[1][5]/C is not reached by a timing clock
Related violations: <none>

TIMING-17#39 Critical Warning
Non-clocked sequential cell  
The clock pin mb_block/hdmi_text_controller_0/inst/hdmi_text_controller_v1_0_AXI_inst/control_regs_reg[1][6]/C is not reached by a timing clock
Related violations: <none>

TIMING-17#40 Critical Warning
Non-clocked sequential cell  
The clock pin mb_block/hdmi_text_controller_0/inst/hdmi_text_controller_v1_0_AXI_inst/control_regs_reg[1][7]/C is not reached by a timing clock
Related violations: <none>

TIMING-17#41 Critical Warning
Non-clocked sequential cell  
The clock pin mb_block/hdmi_text_controller_0/inst/hdmi_text_controller_v1_0_AXI_inst/control_regs_reg[1][8]/C is not reached by a timing clock
Related violations: <none>

TIMING-17#42 Critical Warning
Non-clocked sequential cell  
The clock pin mb_block/hdmi_text_controller_0/inst/hdmi_text_controller_v1_0_AXI_inst/control_regs_reg[1][9]/C is not reached by a timing clock
Related violations: <none>

TIMING-17#43 Critical Warning
Non-clocked sequential cell  
The clock pin mb_block/hdmi_text_controller_0/inst/hdmi_text_controller_v1_0_AXI_inst/control_regs_reg[2][0]/C is not reached by a timing clock
Related violations: <none>

TIMING-17#44 Critical Warning
Non-clocked sequential cell  
The clock pin mb_block/hdmi_text_controller_0/inst/hdmi_text_controller_v1_0_AXI_inst/control_regs_reg[2][1]/C is not reached by a timing clock
Related violations: <none>

TIMING-17#45 Critical Warning
Non-clocked sequential cell  
The clock pin mb_block/hdmi_text_controller_0/inst/hdmi_text_controller_v1_0_AXI_inst/control_regs_reg[2][2]/C is not reached by a timing clock
Related violations: <none>

TIMING-17#46 Critical Warning
Non-clocked sequential cell  
The clock pin mb_block/hdmi_text_controller_0/inst/hdmi_text_controller_v1_0_AXI_inst/control_regs_reg[2][3]/C is not reached by a timing clock
Related violations: <none>

TIMING-17#47 Critical Warning
Non-clocked sequential cell  
The clock pin mb_block/hdmi_text_controller_0/inst/hdmi_text_controller_v1_0_AXI_inst/control_regs_reg[2][4]/C is not reached by a timing clock
Related violations: <none>

TIMING-17#48 Critical Warning
Non-clocked sequential cell  
The clock pin mb_block/hdmi_text_controller_0/inst/hdmi_text_controller_v1_0_AXI_inst/control_regs_reg[2][5]/C is not reached by a timing clock
Related violations: <none>

TIMING-17#49 Critical Warning
Non-clocked sequential cell  
The clock pin mb_block/hdmi_text_controller_0/inst/hdmi_text_controller_v1_0_AXI_inst/control_regs_reg[2][6]/C is not reached by a timing clock
Related violations: <none>

TIMING-17#50 Critical Warning
Non-clocked sequential cell  
The clock pin mb_block/hdmi_text_controller_0/inst/hdmi_text_controller_v1_0_AXI_inst/control_regs_reg[2][7]/C is not reached by a timing clock
Related violations: <none>

TIMING-17#51 Critical Warning
Non-clocked sequential cell  
The clock pin mb_block/hdmi_text_controller_0/inst/hdmi_text_controller_v1_0_AXI_inst/control_regs_reg[2][8]/C is not reached by a timing clock
Related violations: <none>

TIMING-17#52 Critical Warning
Non-clocked sequential cell  
The clock pin mb_block/hdmi_text_controller_0/inst/hdmi_text_controller_v1_0_AXI_inst/control_regs_reg[2][9]/C is not reached by a timing clock
Related violations: <none>

TIMING-27#1 Critical Warning
Invalid primary clock on hierarchical pin  
A primary clock mb_block/hdmi_text_controller_0/inst/clk_wiz/inst/clk_in1 is created on an inappropriate internal pin mb_block/hdmi_text_controller_0/inst/clk_wiz/inst/clk_in1. It is not recommended to create a primary clock on a hierarchical pin when its driver pin has a fanout connected to multiple clock pins
Related violations: <none>

LUTAR-1#1 Warning
LUT drives async reset alert  
LUT cell mb_block/hdmi_text_controller_0/inst/vga_to_hdmi/inst/encr/oserdes_m_i_1, with 2 or more inputs, drives asynchronous preset/clear pin(s) mb_block/hdmi_text_controller_0/inst/vga_to_hdmi/inst/encg/dout_reg[9]/CLR,
mb_block/hdmi_text_controller_0/inst/vga_to_hdmi/inst/encr/cnt_reg[1]/CLR,
mb_block/hdmi_text_controller_0/inst/vga_to_hdmi/inst/encr/cnt_reg[2]/CLR,
mb_block/hdmi_text_controller_0/inst/vga_to_hdmi/inst/encr/cnt_reg[3]/CLR,
mb_block/hdmi_text_controller_0/inst/vga_to_hdmi/inst/encr/cnt_reg[4]/CLR,
mb_block/hdmi_text_controller_0/inst/vga_to_hdmi/inst/encr/dout_reg[0]/CLR,
mb_block/hdmi_text_controller_0/inst/vga_to_hdmi/inst/encr/dout_reg[1]/CLR,
mb_block/hdmi_text_controller_0/inst/vga_to_hdmi/inst/encr/dout_reg[2]/CLR,
mb_block/hdmi_text_controller_0/inst/vga_to_hdmi/inst/encr/dout_reg[3]/CLR,
mb_block/hdmi_text_controller_0/inst/vga_to_hdmi/inst/encr/dout_reg[4]/CLR,
mb_block/hdmi_text_controller_0/inst/vga_to_hdmi/inst/encr/dout_reg[5]/CLR,
mb_block/hdmi_text_controller_0/inst/vga_to_hdmi/inst/encr/dout_reg[6]/CLR,
mb_block/hdmi_text_controller_0/inst/vga_to_hdmi/inst/encr/dout_reg[7]/CLR,
mb_block/hdmi_text_controller_0/inst/vga_to_hdmi/inst/encr/dout_reg[8]/CLR,
mb_block/hdmi_text_controller_0/inst/vga_to_hdmi/inst/encr/dout_reg[9]/CLR
 (the first 15 of 42 listed). The LUT may glitch and trigger an unexpected reset, even if it is a properly timed path.
Related violations: <none>

LUTAR-1#2 Warning
LUT drives async reset alert  
LUT cell mb_block/mdm_1/U0/MDM_Core_I1/JTAG_CONTROL_I/sel_n_i_2, with 2 or more inputs, drives asynchronous preset/clear pin(s) mb_block/mdm_1/U0/MDM_Core_I1/JTAG_CONTROL_I/sel_n_reg/PRE. The LUT may glitch and trigger an unexpected reset, even if it is a properly timed path.
Related violations: <none>

LUTAR-1#3 Warning
LUT drives async reset alert  
LUT cell mb_block/microblaze_0/U0/MicroBlaze_Core_I/Area.Core/Implement_Debug_Logic.Master_Core.Debug_Area/Serial_Dbg_Intf.force_stop_cmd_rst_i_i_1, with 2 or more inputs, drives asynchronous preset/clear pin(s) mb_block/microblaze_0/U0/MicroBlaze_Core_I/Area.Core/Implement_Debug_Logic.Master_Core.Debug_Area/Serial_Dbg_Intf.force_stop_TClk_reg/CLR. The LUT may glitch and trigger an unexpected reset, even if it is a properly timed path.
Related violations: <none>

LUTAR-1#4 Warning
LUT drives async reset alert  
LUT cell mb_block/microblaze_0/U0/MicroBlaze_Core_I/Area.Core/Implement_Debug_Logic.Master_Core.Debug_Area/Serial_Dbg_Intf.normal_stop_cmd_rst_i_i_1, with 2 or more inputs, drives asynchronous preset/clear pin(s) mb_block/microblaze_0/U0/MicroBlaze_Core_I/Area.Core/Implement_Debug_Logic.Master_Core.Debug_Area/Serial_Dbg_Intf.normal_stop_TClk_reg/CLR. The LUT may glitch and trigger an unexpected reset, even if it is a properly timed path.
Related violations: <none>

TIMING-9#1 Warning
Unknown CDC Logic  
One or more asynchronous Clock Domain Crossing has been detected between 2 clock domains through a set_false_path or a set_clock_groups or set_max_delay -datapath_only constraint but no double-registers logic synchronizer has been found on the side of the capture clock. It is recommended to run report_cdc for a complete and detailed CDC coverage. Please consider using XPM_CDC to avoid Critical severities
Related violations: <none>

TIMING-18#1 Warning
Missing input or output delay  
An input delay is missing on gpio_usb_int_tri_i[0] relative to clock(s) clk_100
Related violations: <none>

TIMING-18#2 Warning
Missing input or output delay  
An input delay is missing on reset_rtl_0 relative to clock(s) clk_100
Related violations: <none>

TIMING-18#3 Warning
Missing input or output delay  
An input delay is missing on uart_rtl_0_rxd relative to clock(s) clk_100
Related violations: <none>

TIMING-18#4 Warning
Missing input or output delay  
An input delay is missing on usb_spi_miso relative to clock(s) clk_100
Related violations: <none>

TIMING-18#5 Warning
Missing input or output delay  
An output delay is missing on gpio_usb_rst_tri_o relative to clock(s) clk_100
Related violations: <none>

TIMING-18#6 Warning
Missing input or output delay  
An output delay is missing on hex_gridA[0] relative to clock(s) clk_100
Related violations: <none>

TIMING-18#7 Warning
Missing input or output delay  
An output delay is missing on hex_gridA[1] relative to clock(s) clk_100
Related violations: <none>

TIMING-18#8 Warning
Missing input or output delay  
An output delay is missing on hex_gridA[2] relative to clock(s) clk_100
Related violations: <none>

TIMING-18#9 Warning
Missing input or output delay  
An output delay is missing on hex_gridA[3] relative to clock(s) clk_100
Related violations: <none>

TIMING-18#10 Warning
Missing input or output delay  
An output delay is missing on hex_gridB[0] relative to clock(s) clk_100
Related violations: <none>

TIMING-18#11 Warning
Missing input or output delay  
An output delay is missing on hex_gridB[1] relative to clock(s) clk_100
Related violations: <none>

TIMING-18#12 Warning
Missing input or output delay  
An output delay is missing on hex_gridB[2] relative to clock(s) clk_100
Related violations: <none>

TIMING-18#13 Warning
Missing input or output delay  
An output delay is missing on hex_gridB[3] relative to clock(s) clk_100
Related violations: <none>

TIMING-18#14 Warning
Missing input or output delay  
An output delay is missing on hex_segA[0] relative to clock(s) clk_100
Related violations: <none>

TIMING-18#15 Warning
Missing input or output delay  
An output delay is missing on hex_segA[1] relative to clock(s) clk_100
Related violations: <none>

TIMING-18#16 Warning
Missing input or output delay  
An output delay is missing on hex_segA[2] relative to clock(s) clk_100
Related violations: <none>

TIMING-18#17 Warning
Missing input or output delay  
An output delay is missing on hex_segA[3] relative to clock(s) clk_100
Related violations: <none>

TIMING-18#18 Warning
Missing input or output delay  
An output delay is missing on hex_segA[4] relative to clock(s) clk_100
Related violations: <none>

TIMING-18#19 Warning
Missing input or output delay  
An output delay is missing on hex_segA[5] relative to clock(s) clk_100
Related violations: <none>

TIMING-18#20 Warning
Missing input or output delay  
An output delay is missing on hex_segA[6] relative to clock(s) clk_100
Related violations: <none>

TIMING-18#21 Warning
Missing input or output delay  
An output delay is missing on hex_segA[7] relative to clock(s) clk_100
Related violations: <none>

TIMING-18#22 Warning
Missing input or output delay  
An output delay is missing on hex_segB[0] relative to clock(s) clk_100
Related violations: <none>

TIMING-18#23 Warning
Missing input or output delay  
An output delay is missing on hex_segB[1] relative to clock(s) clk_100
Related violations: <none>

TIMING-18#24 Warning
Missing input or output delay  
An output delay is missing on hex_segB[2] relative to clock(s) clk_100
Related violations: <none>

TIMING-18#25 Warning
Missing input or output delay  
An output delay is missing on hex_segB[3] relative to clock(s) clk_100
Related violations: <none>

TIMING-18#26 Warning
Missing input or output delay  
An output delay is missing on hex_segB[4] relative to clock(s) clk_100
Related violations: <none>

TIMING-18#27 Warning
Missing input or output delay  
An output delay is missing on hex_segB[5] relative to clock(s) clk_100
Related violations: <none>

TIMING-18#28 Warning
Missing input or output delay  
An output delay is missing on hex_segB[6] relative to clock(s) clk_100
Related violations: <none>

TIMING-18#29 Warning
Missing input or output delay  
An output delay is missing on hex_segB[7] relative to clock(s) clk_100
Related violations: <none>

TIMING-18#30 Warning
Missing input or output delay  
An output delay is missing on uart_rtl_0_txd relative to clock(s) clk_100
Related violations: <none>

TIMING-18#31 Warning
Missing input or output delay  
An output delay is missing on usb_spi_mosi relative to clock(s) clk_100
Related violations: <none>

TIMING-18#32 Warning
Missing input or output delay  
An output delay is missing on usb_spi_sclk relative to clock(s) clk_100
Related violations: <none>

TIMING-18#33 Warning
Missing input or output delay  
An output delay is missing on usb_spi_ss relative to clock(s) clk_100
Related violations: <none>

TIMING-20#1 Warning
Non-clocked latch  
The latch mb_block/hdmi_text_controller_0/inst/hdmi_text_controller_v1_0_AXI_inst/palette_regs_reg[0][0] cannot be properly analyzed as its control pin mb_block/hdmi_text_controller_0/inst/hdmi_text_controller_v1_0_AXI_inst/palette_regs_reg[0][0]/G is not reached by a timing clock
Related violations: <none>

TIMING-20#2 Warning
Non-clocked latch  
The latch mb_block/hdmi_text_controller_0/inst/hdmi_text_controller_v1_0_AXI_inst/palette_regs_reg[0][10] cannot be properly analyzed as its control pin mb_block/hdmi_text_controller_0/inst/hdmi_text_controller_v1_0_AXI_inst/palette_regs_reg[0][10]/G is not reached by a timing clock
Related violations: <none>

TIMING-20#3 Warning
Non-clocked latch  
The latch mb_block/hdmi_text_controller_0/inst/hdmi_text_controller_v1_0_AXI_inst/palette_regs_reg[0][11] cannot be properly analyzed as its control pin mb_block/hdmi_text_controller_0/inst/hdmi_text_controller_v1_0_AXI_inst/palette_regs_reg[0][11]/G is not reached by a timing clock
Related violations: <none>

TIMING-20#4 Warning
Non-clocked latch  
The latch mb_block/hdmi_text_controller_0/inst/hdmi_text_controller_v1_0_AXI_inst/palette_regs_reg[0][12] cannot be properly analyzed as its control pin mb_block/hdmi_text_controller_0/inst/hdmi_text_controller_v1_0_AXI_inst/palette_regs_reg[0][12]/G is not reached by a timing clock
Related violations: <none>

TIMING-20#5 Warning
Non-clocked latch  
The latch mb_block/hdmi_text_controller_0/inst/hdmi_text_controller_v1_0_AXI_inst/palette_regs_reg[0][13] cannot be properly analyzed as its control pin mb_block/hdmi_text_controller_0/inst/hdmi_text_controller_v1_0_AXI_inst/palette_regs_reg[0][13]/G is not reached by a timing clock
Related violations: <none>

TIMING-20#6 Warning
Non-clocked latch  
The latch mb_block/hdmi_text_controller_0/inst/hdmi_text_controller_v1_0_AXI_inst/palette_regs_reg[0][14] cannot be properly analyzed as its control pin mb_block/hdmi_text_controller_0/inst/hdmi_text_controller_v1_0_AXI_inst/palette_regs_reg[0][14]/G is not reached by a timing clock
Related violations: <none>

TIMING-20#7 Warning
Non-clocked latch  
The latch mb_block/hdmi_text_controller_0/inst/hdmi_text_controller_v1_0_AXI_inst/palette_regs_reg[0][15] cannot be properly analyzed as its control pin mb_block/hdmi_text_controller_0/inst/hdmi_text_controller_v1_0_AXI_inst/palette_regs_reg[0][15]/G is not reached by a timing clock
Related violations: <none>

TIMING-20#8 Warning
Non-clocked latch  
The latch mb_block/hdmi_text_controller_0/inst/hdmi_text_controller_v1_0_AXI_inst/palette_regs_reg[0][16] cannot be properly analyzed as its control pin mb_block/hdmi_text_controller_0/inst/hdmi_text_controller_v1_0_AXI_inst/palette_regs_reg[0][16]/G is not reached by a timing clock
Related violations: <none>

TIMING-20#9 Warning
Non-clocked latch  
The latch mb_block/hdmi_text_controller_0/inst/hdmi_text_controller_v1_0_AXI_inst/palette_regs_reg[0][17] cannot be properly analyzed as its control pin mb_block/hdmi_text_controller_0/inst/hdmi_text_controller_v1_0_AXI_inst/palette_regs_reg[0][17]/G is not reached by a timing clock
Related violations: <none>

TIMING-20#10 Warning
Non-clocked latch  
The latch mb_block/hdmi_text_controller_0/inst/hdmi_text_controller_v1_0_AXI_inst/palette_regs_reg[0][18] cannot be properly analyzed as its control pin mb_block/hdmi_text_controller_0/inst/hdmi_text_controller_v1_0_AXI_inst/palette_regs_reg[0][18]/G is not reached by a timing clock
Related violations: <none>

TIMING-20#11 Warning
Non-clocked latch  
The latch mb_block/hdmi_text_controller_0/inst/hdmi_text_controller_v1_0_AXI_inst/palette_regs_reg[0][19] cannot be properly analyzed as its control pin mb_block/hdmi_text_controller_0/inst/hdmi_text_controller_v1_0_AXI_inst/palette_regs_reg[0][19]/G is not reached by a timing clock
Related violations: <none>

TIMING-20#12 Warning
Non-clocked latch  
The latch mb_block/hdmi_text_controller_0/inst/hdmi_text_controller_v1_0_AXI_inst/palette_regs_reg[0][1] cannot be properly analyzed as its control pin mb_block/hdmi_text_controller_0/inst/hdmi_text_controller_v1_0_AXI_inst/palette_regs_reg[0][1]/G is not reached by a timing clock
Related violations: <none>

TIMING-20#13 Warning
Non-clocked latch  
The latch mb_block/hdmi_text_controller_0/inst/hdmi_text_controller_v1_0_AXI_inst/palette_regs_reg[0][20] cannot be properly analyzed as its control pin mb_block/hdmi_text_controller_0/inst/hdmi_text_controller_v1_0_AXI_inst/palette_regs_reg[0][20]/G is not reached by a timing clock
Related violations: <none>

TIMING-20#14 Warning
Non-clocked latch  
The latch mb_block/hdmi_text_controller_0/inst/hdmi_text_controller_v1_0_AXI_inst/palette_regs_reg[0][21] cannot be properly analyzed as its control pin mb_block/hdmi_text_controller_0/inst/hdmi_text_controller_v1_0_AXI_inst/palette_regs_reg[0][21]/G is not reached by a timing clock
Related violations: <none>

TIMING-20#15 Warning
Non-clocked latch  
The latch mb_block/hdmi_text_controller_0/inst/hdmi_text_controller_v1_0_AXI_inst/palette_regs_reg[0][22] cannot be properly analyzed as its control pin mb_block/hdmi_text_controller_0/inst/hdmi_text_controller_v1_0_AXI_inst/palette_regs_reg[0][22]/G is not reached by a timing clock
Related violations: <none>

TIMING-20#16 Warning
Non-clocked latch  
The latch mb_block/hdmi_text_controller_0/inst/hdmi_text_controller_v1_0_AXI_inst/palette_regs_reg[0][23] cannot be properly analyzed as its control pin mb_block/hdmi_text_controller_0/inst/hdmi_text_controller_v1_0_AXI_inst/palette_regs_reg[0][23]/G is not reached by a timing clock
Related violations: <none>

TIMING-20#17 Warning
Non-clocked latch  
The latch mb_block/hdmi_text_controller_0/inst/hdmi_text_controller_v1_0_AXI_inst/palette_regs_reg[0][24] cannot be properly analyzed as its control pin mb_block/hdmi_text_controller_0/inst/hdmi_text_controller_v1_0_AXI_inst/palette_regs_reg[0][24]/G is not reached by a timing clock
Related violations: <none>

TIMING-20#18 Warning
Non-clocked latch  
The latch mb_block/hdmi_text_controller_0/inst/hdmi_text_controller_v1_0_AXI_inst/palette_regs_reg[0][25] cannot be properly analyzed as its control pin mb_block/hdmi_text_controller_0/inst/hdmi_text_controller_v1_0_AXI_inst/palette_regs_reg[0][25]/G is not reached by a timing clock
Related violations: <none>

TIMING-20#19 Warning
Non-clocked latch  
The latch mb_block/hdmi_text_controller_0/inst/hdmi_text_controller_v1_0_AXI_inst/palette_regs_reg[0][26] cannot be properly analyzed as its control pin mb_block/hdmi_text_controller_0/inst/hdmi_text_controller_v1_0_AXI_inst/palette_regs_reg[0][26]/G is not reached by a timing clock
Related violations: <none>

TIMING-20#20 Warning
Non-clocked latch  
The latch mb_block/hdmi_text_controller_0/inst/hdmi_text_controller_v1_0_AXI_inst/palette_regs_reg[0][27] cannot be properly analyzed as its control pin mb_block/hdmi_text_controller_0/inst/hdmi_text_controller_v1_0_AXI_inst/palette_regs_reg[0][27]/G is not reached by a timing clock
Related violations: <none>

TIMING-20#21 Warning
Non-clocked latch  
The latch mb_block/hdmi_text_controller_0/inst/hdmi_text_controller_v1_0_AXI_inst/palette_regs_reg[0][28] cannot be properly analyzed as its control pin mb_block/hdmi_text_controller_0/inst/hdmi_text_controller_v1_0_AXI_inst/palette_regs_reg[0][28]/G is not reached by a timing clock
Related violations: <none>

TIMING-20#22 Warning
Non-clocked latch  
The latch mb_block/hdmi_text_controller_0/inst/hdmi_text_controller_v1_0_AXI_inst/palette_regs_reg[0][29] cannot be properly analyzed as its control pin mb_block/hdmi_text_controller_0/inst/hdmi_text_controller_v1_0_AXI_inst/palette_regs_reg[0][29]/G is not reached by a timing clock
Related violations: <none>

TIMING-20#23 Warning
Non-clocked latch  
The latch mb_block/hdmi_text_controller_0/inst/hdmi_text_controller_v1_0_AXI_inst/palette_regs_reg[0][2] cannot be properly analyzed as its control pin mb_block/hdmi_text_controller_0/inst/hdmi_text_controller_v1_0_AXI_inst/palette_regs_reg[0][2]/G is not reached by a timing clock
Related violations: <none>

TIMING-20#24 Warning
Non-clocked latch  
The latch mb_block/hdmi_text_controller_0/inst/hdmi_text_controller_v1_0_AXI_inst/palette_regs_reg[0][30] cannot be properly analyzed as its control pin mb_block/hdmi_text_controller_0/inst/hdmi_text_controller_v1_0_AXI_inst/palette_regs_reg[0][30]/G is not reached by a timing clock
Related violations: <none>

TIMING-20#25 Warning
Non-clocked latch  
The latch mb_block/hdmi_text_controller_0/inst/hdmi_text_controller_v1_0_AXI_inst/palette_regs_reg[0][31] cannot be properly analyzed as its control pin mb_block/hdmi_text_controller_0/inst/hdmi_text_controller_v1_0_AXI_inst/palette_regs_reg[0][31]/G is not reached by a timing clock
Related violations: <none>

TIMING-20#26 Warning
Non-clocked latch  
The latch mb_block/hdmi_text_controller_0/inst/hdmi_text_controller_v1_0_AXI_inst/palette_regs_reg[0][3] cannot be properly analyzed as its control pin mb_block/hdmi_text_controller_0/inst/hdmi_text_controller_v1_0_AXI_inst/palette_regs_reg[0][3]/G is not reached by a timing clock
Related violations: <none>

TIMING-20#27 Warning
Non-clocked latch  
The latch mb_block/hdmi_text_controller_0/inst/hdmi_text_controller_v1_0_AXI_inst/palette_regs_reg[0][4] cannot be properly analyzed as its control pin mb_block/hdmi_text_controller_0/inst/hdmi_text_controller_v1_0_AXI_inst/palette_regs_reg[0][4]/G is not reached by a timing clock
Related violations: <none>

TIMING-20#28 Warning
Non-clocked latch  
The latch mb_block/hdmi_text_controller_0/inst/hdmi_text_controller_v1_0_AXI_inst/palette_regs_reg[0][5] cannot be properly analyzed as its control pin mb_block/hdmi_text_controller_0/inst/hdmi_text_controller_v1_0_AXI_inst/palette_regs_reg[0][5]/G is not reached by a timing clock
Related violations: <none>

TIMING-20#29 Warning
Non-clocked latch  
The latch mb_block/hdmi_text_controller_0/inst/hdmi_text_controller_v1_0_AXI_inst/palette_regs_reg[0][6] cannot be properly analyzed as its control pin mb_block/hdmi_text_controller_0/inst/hdmi_text_controller_v1_0_AXI_inst/palette_regs_reg[0][6]/G is not reached by a timing clock
Related violations: <none>

TIMING-20#30 Warning
Non-clocked latch  
The latch mb_block/hdmi_text_controller_0/inst/hdmi_text_controller_v1_0_AXI_inst/palette_regs_reg[0][7] cannot be properly analyzed as its control pin mb_block/hdmi_text_controller_0/inst/hdmi_text_controller_v1_0_AXI_inst/palette_regs_reg[0][7]/G is not reached by a timing clock
Related violations: <none>

TIMING-20#31 Warning
Non-clocked latch  
The latch mb_block/hdmi_text_controller_0/inst/hdmi_text_controller_v1_0_AXI_inst/palette_regs_reg[0][8] cannot be properly analyzed as its control pin mb_block/hdmi_text_controller_0/inst/hdmi_text_controller_v1_0_AXI_inst/palette_regs_reg[0][8]/G is not reached by a timing clock
Related violations: <none>

TIMING-20#32 Warning
Non-clocked latch  
The latch mb_block/hdmi_text_controller_0/inst/hdmi_text_controller_v1_0_AXI_inst/palette_regs_reg[0][9] cannot be properly analyzed as its control pin mb_block/hdmi_text_controller_0/inst/hdmi_text_controller_v1_0_AXI_inst/palette_regs_reg[0][9]/G is not reached by a timing clock
Related violations: <none>

TIMING-20#33 Warning
Non-clocked latch  
The latch mb_block/hdmi_text_controller_0/inst/hdmi_text_controller_v1_0_AXI_inst/palette_regs_reg[1][0] cannot be properly analyzed as its control pin mb_block/hdmi_text_controller_0/inst/hdmi_text_controller_v1_0_AXI_inst/palette_regs_reg[1][0]/G is not reached by a timing clock
Related violations: <none>

TIMING-20#34 Warning
Non-clocked latch  
The latch mb_block/hdmi_text_controller_0/inst/hdmi_text_controller_v1_0_AXI_inst/palette_regs_reg[1][10] cannot be properly analyzed as its control pin mb_block/hdmi_text_controller_0/inst/hdmi_text_controller_v1_0_AXI_inst/palette_regs_reg[1][10]/G is not reached by a timing clock
Related violations: <none>

TIMING-20#35 Warning
Non-clocked latch  
The latch mb_block/hdmi_text_controller_0/inst/hdmi_text_controller_v1_0_AXI_inst/palette_regs_reg[1][11] cannot be properly analyzed as its control pin mb_block/hdmi_text_controller_0/inst/hdmi_text_controller_v1_0_AXI_inst/palette_regs_reg[1][11]/G is not reached by a timing clock
Related violations: <none>

TIMING-20#36 Warning
Non-clocked latch  
The latch mb_block/hdmi_text_controller_0/inst/hdmi_text_controller_v1_0_AXI_inst/palette_regs_reg[1][12] cannot be properly analyzed as its control pin mb_block/hdmi_text_controller_0/inst/hdmi_text_controller_v1_0_AXI_inst/palette_regs_reg[1][12]/G is not reached by a timing clock
Related violations: <none>

TIMING-20#37 Warning
Non-clocked latch  
The latch mb_block/hdmi_text_controller_0/inst/hdmi_text_controller_v1_0_AXI_inst/palette_regs_reg[1][13] cannot be properly analyzed as its control pin mb_block/hdmi_text_controller_0/inst/hdmi_text_controller_v1_0_AXI_inst/palette_regs_reg[1][13]/G is not reached by a timing clock
Related violations: <none>

TIMING-20#38 Warning
Non-clocked latch  
The latch mb_block/hdmi_text_controller_0/inst/hdmi_text_controller_v1_0_AXI_inst/palette_regs_reg[1][14] cannot be properly analyzed as its control pin mb_block/hdmi_text_controller_0/inst/hdmi_text_controller_v1_0_AXI_inst/palette_regs_reg[1][14]/G is not reached by a timing clock
Related violations: <none>

TIMING-20#39 Warning
Non-clocked latch  
The latch mb_block/hdmi_text_controller_0/inst/hdmi_text_controller_v1_0_AXI_inst/palette_regs_reg[1][15] cannot be properly analyzed as its control pin mb_block/hdmi_text_controller_0/inst/hdmi_text_controller_v1_0_AXI_inst/palette_regs_reg[1][15]/G is not reached by a timing clock
Related violations: <none>

TIMING-20#40 Warning
Non-clocked latch  
The latch mb_block/hdmi_text_controller_0/inst/hdmi_text_controller_v1_0_AXI_inst/palette_regs_reg[1][16] cannot be properly analyzed as its control pin mb_block/hdmi_text_controller_0/inst/hdmi_text_controller_v1_0_AXI_inst/palette_regs_reg[1][16]/G is not reached by a timing clock
Related violations: <none>

TIMING-20#41 Warning
Non-clocked latch  
The latch mb_block/hdmi_text_controller_0/inst/hdmi_text_controller_v1_0_AXI_inst/palette_regs_reg[1][17] cannot be properly analyzed as its control pin mb_block/hdmi_text_controller_0/inst/hdmi_text_controller_v1_0_AXI_inst/palette_regs_reg[1][17]/G is not reached by a timing clock
Related violations: <none>

TIMING-20#42 Warning
Non-clocked latch  
The latch mb_block/hdmi_text_controller_0/inst/hdmi_text_controller_v1_0_AXI_inst/palette_regs_reg[1][18] cannot be properly analyzed as its control pin mb_block/hdmi_text_controller_0/inst/hdmi_text_controller_v1_0_AXI_inst/palette_regs_reg[1][18]/G is not reached by a timing clock
Related violations: <none>

TIMING-20#43 Warning
Non-clocked latch  
The latch mb_block/hdmi_text_controller_0/inst/hdmi_text_controller_v1_0_AXI_inst/palette_regs_reg[1][19] cannot be properly analyzed as its control pin mb_block/hdmi_text_controller_0/inst/hdmi_text_controller_v1_0_AXI_inst/palette_regs_reg[1][19]/G is not reached by a timing clock
Related violations: <none>

TIMING-20#44 Warning
Non-clocked latch  
The latch mb_block/hdmi_text_controller_0/inst/hdmi_text_controller_v1_0_AXI_inst/palette_regs_reg[1][1] cannot be properly analyzed as its control pin mb_block/hdmi_text_controller_0/inst/hdmi_text_controller_v1_0_AXI_inst/palette_regs_reg[1][1]/G is not reached by a timing clock
Related violations: <none>

TIMING-20#45 Warning
Non-clocked latch  
The latch mb_block/hdmi_text_controller_0/inst/hdmi_text_controller_v1_0_AXI_inst/palette_regs_reg[1][20] cannot be properly analyzed as its control pin mb_block/hdmi_text_controller_0/inst/hdmi_text_controller_v1_0_AXI_inst/palette_regs_reg[1][20]/G is not reached by a timing clock
Related violations: <none>

TIMING-20#46 Warning
Non-clocked latch  
The latch mb_block/hdmi_text_controller_0/inst/hdmi_text_controller_v1_0_AXI_inst/palette_regs_reg[1][21] cannot be properly analyzed as its control pin mb_block/hdmi_text_controller_0/inst/hdmi_text_controller_v1_0_AXI_inst/palette_regs_reg[1][21]/G is not reached by a timing clock
Related violations: <none>

TIMING-20#47 Warning
Non-clocked latch  
The latch mb_block/hdmi_text_controller_0/inst/hdmi_text_controller_v1_0_AXI_inst/palette_regs_reg[1][22] cannot be properly analyzed as its control pin mb_block/hdmi_text_controller_0/inst/hdmi_text_controller_v1_0_AXI_inst/palette_regs_reg[1][22]/G is not reached by a timing clock
Related violations: <none>

TIMING-20#48 Warning
Non-clocked latch  
The latch mb_block/hdmi_text_controller_0/inst/hdmi_text_controller_v1_0_AXI_inst/palette_regs_reg[1][23] cannot be properly analyzed as its control pin mb_block/hdmi_text_controller_0/inst/hdmi_text_controller_v1_0_AXI_inst/palette_regs_reg[1][23]/G is not reached by a timing clock
Related violations: <none>

TIMING-20#49 Warning
Non-clocked latch  
The latch mb_block/hdmi_text_controller_0/inst/hdmi_text_controller_v1_0_AXI_inst/palette_regs_reg[1][24] cannot be properly analyzed as its control pin mb_block/hdmi_text_controller_0/inst/hdmi_text_controller_v1_0_AXI_inst/palette_regs_reg[1][24]/G is not reached by a timing clock
Related violations: <none>

TIMING-20#50 Warning
Non-clocked latch  
The latch mb_block/hdmi_text_controller_0/inst/hdmi_text_controller_v1_0_AXI_inst/palette_regs_reg[1][25] cannot be properly analyzed as its control pin mb_block/hdmi_text_controller_0/inst/hdmi_text_controller_v1_0_AXI_inst/palette_regs_reg[1][25]/G is not reached by a timing clock
Related violations: <none>

TIMING-20#51 Warning
Non-clocked latch  
The latch mb_block/hdmi_text_controller_0/inst/hdmi_text_controller_v1_0_AXI_inst/palette_regs_reg[1][26] cannot be properly analyzed as its control pin mb_block/hdmi_text_controller_0/inst/hdmi_text_controller_v1_0_AXI_inst/palette_regs_reg[1][26]/G is not reached by a timing clock
Related violations: <none>

TIMING-20#52 Warning
Non-clocked latch  
The latch mb_block/hdmi_text_controller_0/inst/hdmi_text_controller_v1_0_AXI_inst/palette_regs_reg[1][27] cannot be properly analyzed as its control pin mb_block/hdmi_text_controller_0/inst/hdmi_text_controller_v1_0_AXI_inst/palette_regs_reg[1][27]/G is not reached by a timing clock
Related violations: <none>

TIMING-20#53 Warning
Non-clocked latch  
The latch mb_block/hdmi_text_controller_0/inst/hdmi_text_controller_v1_0_AXI_inst/palette_regs_reg[1][28] cannot be properly analyzed as its control pin mb_block/hdmi_text_controller_0/inst/hdmi_text_controller_v1_0_AXI_inst/palette_regs_reg[1][28]/G is not reached by a timing clock
Related violations: <none>

TIMING-20#54 Warning
Non-clocked latch  
The latch mb_block/hdmi_text_controller_0/inst/hdmi_text_controller_v1_0_AXI_inst/palette_regs_reg[1][29] cannot be properly analyzed as its control pin mb_block/hdmi_text_controller_0/inst/hdmi_text_controller_v1_0_AXI_inst/palette_regs_reg[1][29]/G is not reached by a timing clock
Related violations: <none>

TIMING-20#55 Warning
Non-clocked latch  
The latch mb_block/hdmi_text_controller_0/inst/hdmi_text_controller_v1_0_AXI_inst/palette_regs_reg[1][2] cannot be properly analyzed as its control pin mb_block/hdmi_text_controller_0/inst/hdmi_text_controller_v1_0_AXI_inst/palette_regs_reg[1][2]/G is not reached by a timing clock
Related violations: <none>

TIMING-20#56 Warning
Non-clocked latch  
The latch mb_block/hdmi_text_controller_0/inst/hdmi_text_controller_v1_0_AXI_inst/palette_regs_reg[1][30] cannot be properly analyzed as its control pin mb_block/hdmi_text_controller_0/inst/hdmi_text_controller_v1_0_AXI_inst/palette_regs_reg[1][30]/G is not reached by a timing clock
Related violations: <none>

TIMING-20#57 Warning
Non-clocked latch  
The latch mb_block/hdmi_text_controller_0/inst/hdmi_text_controller_v1_0_AXI_inst/palette_regs_reg[1][31] cannot be properly analyzed as its control pin mb_block/hdmi_text_controller_0/inst/hdmi_text_controller_v1_0_AXI_inst/palette_regs_reg[1][31]/G is not reached by a timing clock
Related violations: <none>

TIMING-20#58 Warning
Non-clocked latch  
The latch mb_block/hdmi_text_controller_0/inst/hdmi_text_controller_v1_0_AXI_inst/palette_regs_reg[1][3] cannot be properly analyzed as its control pin mb_block/hdmi_text_controller_0/inst/hdmi_text_controller_v1_0_AXI_inst/palette_regs_reg[1][3]/G is not reached by a timing clock
Related violations: <none>

TIMING-20#59 Warning
Non-clocked latch  
The latch mb_block/hdmi_text_controller_0/inst/hdmi_text_controller_v1_0_AXI_inst/palette_regs_reg[1][4] cannot be properly analyzed as its control pin mb_block/hdmi_text_controller_0/inst/hdmi_text_controller_v1_0_AXI_inst/palette_regs_reg[1][4]/G is not reached by a timing clock
Related violations: <none>

TIMING-20#60 Warning
Non-clocked latch  
The latch mb_block/hdmi_text_controller_0/inst/hdmi_text_controller_v1_0_AXI_inst/palette_regs_reg[1][5] cannot be properly analyzed as its control pin mb_block/hdmi_text_controller_0/inst/hdmi_text_controller_v1_0_AXI_inst/palette_regs_reg[1][5]/G is not reached by a timing clock
Related violations: <none>

TIMING-20#61 Warning
Non-clocked latch  
The latch mb_block/hdmi_text_controller_0/inst/hdmi_text_controller_v1_0_AXI_inst/palette_regs_reg[1][6] cannot be properly analyzed as its control pin mb_block/hdmi_text_controller_0/inst/hdmi_text_controller_v1_0_AXI_inst/palette_regs_reg[1][6]/G is not reached by a timing clock
Related violations: <none>

TIMING-20#62 Warning
Non-clocked latch  
The latch mb_block/hdmi_text_controller_0/inst/hdmi_text_controller_v1_0_AXI_inst/palette_regs_reg[1][7] cannot be properly analyzed as its control pin mb_block/hdmi_text_controller_0/inst/hdmi_text_controller_v1_0_AXI_inst/palette_regs_reg[1][7]/G is not reached by a timing clock
Related violations: <none>

TIMING-20#63 Warning
Non-clocked latch  
The latch mb_block/hdmi_text_controller_0/inst/hdmi_text_controller_v1_0_AXI_inst/palette_regs_reg[1][8] cannot be properly analyzed as its control pin mb_block/hdmi_text_controller_0/inst/hdmi_text_controller_v1_0_AXI_inst/palette_regs_reg[1][8]/G is not reached by a timing clock
Related violations: <none>

TIMING-20#64 Warning
Non-clocked latch  
The latch mb_block/hdmi_text_controller_0/inst/hdmi_text_controller_v1_0_AXI_inst/palette_regs_reg[1][9] cannot be properly analyzed as its control pin mb_block/hdmi_text_controller_0/inst/hdmi_text_controller_v1_0_AXI_inst/palette_regs_reg[1][9]/G is not reached by a timing clock
Related violations: <none>

TIMING-20#65 Warning
Non-clocked latch  
The latch mb_block/hdmi_text_controller_0/inst/hdmi_text_controller_v1_0_AXI_inst/palette_regs_reg[2][0] cannot be properly analyzed as its control pin mb_block/hdmi_text_controller_0/inst/hdmi_text_controller_v1_0_AXI_inst/palette_regs_reg[2][0]/G is not reached by a timing clock
Related violations: <none>

TIMING-20#66 Warning
Non-clocked latch  
The latch mb_block/hdmi_text_controller_0/inst/hdmi_text_controller_v1_0_AXI_inst/palette_regs_reg[2][10] cannot be properly analyzed as its control pin mb_block/hdmi_text_controller_0/inst/hdmi_text_controller_v1_0_AXI_inst/palette_regs_reg[2][10]/G is not reached by a timing clock
Related violations: <none>

TIMING-20#67 Warning
Non-clocked latch  
The latch mb_block/hdmi_text_controller_0/inst/hdmi_text_controller_v1_0_AXI_inst/palette_regs_reg[2][11] cannot be properly analyzed as its control pin mb_block/hdmi_text_controller_0/inst/hdmi_text_controller_v1_0_AXI_inst/palette_regs_reg[2][11]/G is not reached by a timing clock
Related violations: <none>

TIMING-20#68 Warning
Non-clocked latch  
The latch mb_block/hdmi_text_controller_0/inst/hdmi_text_controller_v1_0_AXI_inst/palette_regs_reg[2][12] cannot be properly analyzed as its control pin mb_block/hdmi_text_controller_0/inst/hdmi_text_controller_v1_0_AXI_inst/palette_regs_reg[2][12]/G is not reached by a timing clock
Related violations: <none>

TIMING-20#69 Warning
Non-clocked latch  
The latch mb_block/hdmi_text_controller_0/inst/hdmi_text_controller_v1_0_AXI_inst/palette_regs_reg[2][13] cannot be properly analyzed as its control pin mb_block/hdmi_text_controller_0/inst/hdmi_text_controller_v1_0_AXI_inst/palette_regs_reg[2][13]/G is not reached by a timing clock
Related violations: <none>

TIMING-20#70 Warning
Non-clocked latch  
The latch mb_block/hdmi_text_controller_0/inst/hdmi_text_controller_v1_0_AXI_inst/palette_regs_reg[2][14] cannot be properly analyzed as its control pin mb_block/hdmi_text_controller_0/inst/hdmi_text_controller_v1_0_AXI_inst/palette_regs_reg[2][14]/G is not reached by a timing clock
Related violations: <none>

TIMING-20#71 Warning
Non-clocked latch  
The latch mb_block/hdmi_text_controller_0/inst/hdmi_text_controller_v1_0_AXI_inst/palette_regs_reg[2][15] cannot be properly analyzed as its control pin mb_block/hdmi_text_controller_0/inst/hdmi_text_controller_v1_0_AXI_inst/palette_regs_reg[2][15]/G is not reached by a timing clock
Related violations: <none>

TIMING-20#72 Warning
Non-clocked latch  
The latch mb_block/hdmi_text_controller_0/inst/hdmi_text_controller_v1_0_AXI_inst/palette_regs_reg[2][16] cannot be properly analyzed as its control pin mb_block/hdmi_text_controller_0/inst/hdmi_text_controller_v1_0_AXI_inst/palette_regs_reg[2][16]/G is not reached by a timing clock
Related violations: <none>

TIMING-20#73 Warning
Non-clocked latch  
The latch mb_block/hdmi_text_controller_0/inst/hdmi_text_controller_v1_0_AXI_inst/palette_regs_reg[2][17] cannot be properly analyzed as its control pin mb_block/hdmi_text_controller_0/inst/hdmi_text_controller_v1_0_AXI_inst/palette_regs_reg[2][17]/G is not reached by a timing clock
Related violations: <none>

TIMING-20#74 Warning
Non-clocked latch  
The latch mb_block/hdmi_text_controller_0/inst/hdmi_text_controller_v1_0_AXI_inst/palette_regs_reg[2][18] cannot be properly analyzed as its control pin mb_block/hdmi_text_controller_0/inst/hdmi_text_controller_v1_0_AXI_inst/palette_regs_reg[2][18]/G is not reached by a timing clock
Related violations: <none>

TIMING-20#75 Warning
Non-clocked latch  
The latch mb_block/hdmi_text_controller_0/inst/hdmi_text_controller_v1_0_AXI_inst/palette_regs_reg[2][19] cannot be properly analyzed as its control pin mb_block/hdmi_text_controller_0/inst/hdmi_text_controller_v1_0_AXI_inst/palette_regs_reg[2][19]/G is not reached by a timing clock
Related violations: <none>

TIMING-20#76 Warning
Non-clocked latch  
The latch mb_block/hdmi_text_controller_0/inst/hdmi_text_controller_v1_0_AXI_inst/palette_regs_reg[2][1] cannot be properly analyzed as its control pin mb_block/hdmi_text_controller_0/inst/hdmi_text_controller_v1_0_AXI_inst/palette_regs_reg[2][1]/G is not reached by a timing clock
Related violations: <none>

TIMING-20#77 Warning
Non-clocked latch  
The latch mb_block/hdmi_text_controller_0/inst/hdmi_text_controller_v1_0_AXI_inst/palette_regs_reg[2][20] cannot be properly analyzed as its control pin mb_block/hdmi_text_controller_0/inst/hdmi_text_controller_v1_0_AXI_inst/palette_regs_reg[2][20]/G is not reached by a timing clock
Related violations: <none>

TIMING-20#78 Warning
Non-clocked latch  
The latch mb_block/hdmi_text_controller_0/inst/hdmi_text_controller_v1_0_AXI_inst/palette_regs_reg[2][21] cannot be properly analyzed as its control pin mb_block/hdmi_text_controller_0/inst/hdmi_text_controller_v1_0_AXI_inst/palette_regs_reg[2][21]/G is not reached by a timing clock
Related violations: <none>

TIMING-20#79 Warning
Non-clocked latch  
The latch mb_block/hdmi_text_controller_0/inst/hdmi_text_controller_v1_0_AXI_inst/palette_regs_reg[2][22] cannot be properly analyzed as its control pin mb_block/hdmi_text_controller_0/inst/hdmi_text_controller_v1_0_AXI_inst/palette_regs_reg[2][22]/G is not reached by a timing clock
Related violations: <none>

TIMING-20#80 Warning
Non-clocked latch  
The latch mb_block/hdmi_text_controller_0/inst/hdmi_text_controller_v1_0_AXI_inst/palette_regs_reg[2][23] cannot be properly analyzed as its control pin mb_block/hdmi_text_controller_0/inst/hdmi_text_controller_v1_0_AXI_inst/palette_regs_reg[2][23]/G is not reached by a timing clock
Related violations: <none>

TIMING-20#81 Warning
Non-clocked latch  
The latch mb_block/hdmi_text_controller_0/inst/hdmi_text_controller_v1_0_AXI_inst/palette_regs_reg[2][24] cannot be properly analyzed as its control pin mb_block/hdmi_text_controller_0/inst/hdmi_text_controller_v1_0_AXI_inst/palette_regs_reg[2][24]/G is not reached by a timing clock
Related violations: <none>

TIMING-20#82 Warning
Non-clocked latch  
The latch mb_block/hdmi_text_controller_0/inst/hdmi_text_controller_v1_0_AXI_inst/palette_regs_reg[2][25] cannot be properly analyzed as its control pin mb_block/hdmi_text_controller_0/inst/hdmi_text_controller_v1_0_AXI_inst/palette_regs_reg[2][25]/G is not reached by a timing clock
Related violations: <none>

TIMING-20#83 Warning
Non-clocked latch  
The latch mb_block/hdmi_text_controller_0/inst/hdmi_text_controller_v1_0_AXI_inst/palette_regs_reg[2][26] cannot be properly analyzed as its control pin mb_block/hdmi_text_controller_0/inst/hdmi_text_controller_v1_0_AXI_inst/palette_regs_reg[2][26]/G is not reached by a timing clock
Related violations: <none>

TIMING-20#84 Warning
Non-clocked latch  
The latch mb_block/hdmi_text_controller_0/inst/hdmi_text_controller_v1_0_AXI_inst/palette_regs_reg[2][27] cannot be properly analyzed as its control pin mb_block/hdmi_text_controller_0/inst/hdmi_text_controller_v1_0_AXI_inst/palette_regs_reg[2][27]/G is not reached by a timing clock
Related violations: <none>

TIMING-20#85 Warning
Non-clocked latch  
The latch mb_block/hdmi_text_controller_0/inst/hdmi_text_controller_v1_0_AXI_inst/palette_regs_reg[2][28] cannot be properly analyzed as its control pin mb_block/hdmi_text_controller_0/inst/hdmi_text_controller_v1_0_AXI_inst/palette_regs_reg[2][28]/G is not reached by a timing clock
Related violations: <none>

TIMING-20#86 Warning
Non-clocked latch  
The latch mb_block/hdmi_text_controller_0/inst/hdmi_text_controller_v1_0_AXI_inst/palette_regs_reg[2][29] cannot be properly analyzed as its control pin mb_block/hdmi_text_controller_0/inst/hdmi_text_controller_v1_0_AXI_inst/palette_regs_reg[2][29]/G is not reached by a timing clock
Related violations: <none>

TIMING-20#87 Warning
Non-clocked latch  
The latch mb_block/hdmi_text_controller_0/inst/hdmi_text_controller_v1_0_AXI_inst/palette_regs_reg[2][2] cannot be properly analyzed as its control pin mb_block/hdmi_text_controller_0/inst/hdmi_text_controller_v1_0_AXI_inst/palette_regs_reg[2][2]/G is not reached by a timing clock
Related violations: <none>

TIMING-20#88 Warning
Non-clocked latch  
The latch mb_block/hdmi_text_controller_0/inst/hdmi_text_controller_v1_0_AXI_inst/palette_regs_reg[2][30] cannot be properly analyzed as its control pin mb_block/hdmi_text_controller_0/inst/hdmi_text_controller_v1_0_AXI_inst/palette_regs_reg[2][30]/G is not reached by a timing clock
Related violations: <none>

TIMING-20#89 Warning
Non-clocked latch  
The latch mb_block/hdmi_text_controller_0/inst/hdmi_text_controller_v1_0_AXI_inst/palette_regs_reg[2][31] cannot be properly analyzed as its control pin mb_block/hdmi_text_controller_0/inst/hdmi_text_controller_v1_0_AXI_inst/palette_regs_reg[2][31]/G is not reached by a timing clock
Related violations: <none>

TIMING-20#90 Warning
Non-clocked latch  
The latch mb_block/hdmi_text_controller_0/inst/hdmi_text_controller_v1_0_AXI_inst/palette_regs_reg[2][3] cannot be properly analyzed as its control pin mb_block/hdmi_text_controller_0/inst/hdmi_text_controller_v1_0_AXI_inst/palette_regs_reg[2][3]/G is not reached by a timing clock
Related violations: <none>

TIMING-20#91 Warning
Non-clocked latch  
The latch mb_block/hdmi_text_controller_0/inst/hdmi_text_controller_v1_0_AXI_inst/palette_regs_reg[2][4] cannot be properly analyzed as its control pin mb_block/hdmi_text_controller_0/inst/hdmi_text_controller_v1_0_AXI_inst/palette_regs_reg[2][4]/G is not reached by a timing clock
Related violations: <none>

TIMING-20#92 Warning
Non-clocked latch  
The latch mb_block/hdmi_text_controller_0/inst/hdmi_text_controller_v1_0_AXI_inst/palette_regs_reg[2][5] cannot be properly analyzed as its control pin mb_block/hdmi_text_controller_0/inst/hdmi_text_controller_v1_0_AXI_inst/palette_regs_reg[2][5]/G is not reached by a timing clock
Related violations: <none>

TIMING-20#93 Warning
Non-clocked latch  
The latch mb_block/hdmi_text_controller_0/inst/hdmi_text_controller_v1_0_AXI_inst/palette_regs_reg[2][6] cannot be properly analyzed as its control pin mb_block/hdmi_text_controller_0/inst/hdmi_text_controller_v1_0_AXI_inst/palette_regs_reg[2][6]/G is not reached by a timing clock
Related violations: <none>

TIMING-20#94 Warning
Non-clocked latch  
The latch mb_block/hdmi_text_controller_0/inst/hdmi_text_controller_v1_0_AXI_inst/palette_regs_reg[2][7] cannot be properly analyzed as its control pin mb_block/hdmi_text_controller_0/inst/hdmi_text_controller_v1_0_AXI_inst/palette_regs_reg[2][7]/G is not reached by a timing clock
Related violations: <none>

TIMING-20#95 Warning
Non-clocked latch  
The latch mb_block/hdmi_text_controller_0/inst/hdmi_text_controller_v1_0_AXI_inst/palette_regs_reg[2][8] cannot be properly analyzed as its control pin mb_block/hdmi_text_controller_0/inst/hdmi_text_controller_v1_0_AXI_inst/palette_regs_reg[2][8]/G is not reached by a timing clock
Related violations: <none>

TIMING-20#96 Warning
Non-clocked latch  
The latch mb_block/hdmi_text_controller_0/inst/hdmi_text_controller_v1_0_AXI_inst/palette_regs_reg[2][9] cannot be properly analyzed as its control pin mb_block/hdmi_text_controller_0/inst/hdmi_text_controller_v1_0_AXI_inst/palette_regs_reg[2][9]/G is not reached by a timing clock
Related violations: <none>

TIMING-20#97 Warning
Non-clocked latch  
The latch mb_block/hdmi_text_controller_0/inst/hdmi_text_controller_v1_0_AXI_inst/palette_regs_reg[3][0] cannot be properly analyzed as its control pin mb_block/hdmi_text_controller_0/inst/hdmi_text_controller_v1_0_AXI_inst/palette_regs_reg[3][0]/G is not reached by a timing clock
Related violations: <none>

TIMING-20#98 Warning
Non-clocked latch  
The latch mb_block/hdmi_text_controller_0/inst/hdmi_text_controller_v1_0_AXI_inst/palette_regs_reg[3][10] cannot be properly analyzed as its control pin mb_block/hdmi_text_controller_0/inst/hdmi_text_controller_v1_0_AXI_inst/palette_regs_reg[3][10]/G is not reached by a timing clock
Related violations: <none>

TIMING-20#99 Warning
Non-clocked latch  
The latch mb_block/hdmi_text_controller_0/inst/hdmi_text_controller_v1_0_AXI_inst/palette_regs_reg[3][11] cannot be properly analyzed as its control pin mb_block/hdmi_text_controller_0/inst/hdmi_text_controller_v1_0_AXI_inst/palette_regs_reg[3][11]/G is not reached by a timing clock
Related violations: <none>

TIMING-20#100 Warning
Non-clocked latch  
The latch mb_block/hdmi_text_controller_0/inst/hdmi_text_controller_v1_0_AXI_inst/palette_regs_reg[3][12] cannot be properly analyzed as its control pin mb_block/hdmi_text_controller_0/inst/hdmi_text_controller_v1_0_AXI_inst/palette_regs_reg[3][12]/G is not reached by a timing clock
Related violations: <none>

TIMING-20#101 Warning
Non-clocked latch  
The latch mb_block/hdmi_text_controller_0/inst/hdmi_text_controller_v1_0_AXI_inst/palette_regs_reg[3][13] cannot be properly analyzed as its control pin mb_block/hdmi_text_controller_0/inst/hdmi_text_controller_v1_0_AXI_inst/palette_regs_reg[3][13]/G is not reached by a timing clock
Related violations: <none>

TIMING-20#102 Warning
Non-clocked latch  
The latch mb_block/hdmi_text_controller_0/inst/hdmi_text_controller_v1_0_AXI_inst/palette_regs_reg[3][14] cannot be properly analyzed as its control pin mb_block/hdmi_text_controller_0/inst/hdmi_text_controller_v1_0_AXI_inst/palette_regs_reg[3][14]/G is not reached by a timing clock
Related violations: <none>

TIMING-20#103 Warning
Non-clocked latch  
The latch mb_block/hdmi_text_controller_0/inst/hdmi_text_controller_v1_0_AXI_inst/palette_regs_reg[3][15] cannot be properly analyzed as its control pin mb_block/hdmi_text_controller_0/inst/hdmi_text_controller_v1_0_AXI_inst/palette_regs_reg[3][15]/G is not reached by a timing clock
Related violations: <none>

TIMING-20#104 Warning
Non-clocked latch  
The latch mb_block/hdmi_text_controller_0/inst/hdmi_text_controller_v1_0_AXI_inst/palette_regs_reg[3][16] cannot be properly analyzed as its control pin mb_block/hdmi_text_controller_0/inst/hdmi_text_controller_v1_0_AXI_inst/palette_regs_reg[3][16]/G is not reached by a timing clock
Related violations: <none>

TIMING-20#105 Warning
Non-clocked latch  
The latch mb_block/hdmi_text_controller_0/inst/hdmi_text_controller_v1_0_AXI_inst/palette_regs_reg[3][17] cannot be properly analyzed as its control pin mb_block/hdmi_text_controller_0/inst/hdmi_text_controller_v1_0_AXI_inst/palette_regs_reg[3][17]/G is not reached by a timing clock
Related violations: <none>

TIMING-20#106 Warning
Non-clocked latch  
The latch mb_block/hdmi_text_controller_0/inst/hdmi_text_controller_v1_0_AXI_inst/palette_regs_reg[3][18] cannot be properly analyzed as its control pin mb_block/hdmi_text_controller_0/inst/hdmi_text_controller_v1_0_AXI_inst/palette_regs_reg[3][18]/G is not reached by a timing clock
Related violations: <none>

TIMING-20#107 Warning
Non-clocked latch  
The latch mb_block/hdmi_text_controller_0/inst/hdmi_text_controller_v1_0_AXI_inst/palette_regs_reg[3][19] cannot be properly analyzed as its control pin mb_block/hdmi_text_controller_0/inst/hdmi_text_controller_v1_0_AXI_inst/palette_regs_reg[3][19]/G is not reached by a timing clock
Related violations: <none>

TIMING-20#108 Warning
Non-clocked latch  
The latch mb_block/hdmi_text_controller_0/inst/hdmi_text_controller_v1_0_AXI_inst/palette_regs_reg[3][1] cannot be properly analyzed as its control pin mb_block/hdmi_text_controller_0/inst/hdmi_text_controller_v1_0_AXI_inst/palette_regs_reg[3][1]/G is not reached by a timing clock
Related violations: <none>

TIMING-20#109 Warning
Non-clocked latch  
The latch mb_block/hdmi_text_controller_0/inst/hdmi_text_controller_v1_0_AXI_inst/palette_regs_reg[3][20] cannot be properly analyzed as its control pin mb_block/hdmi_text_controller_0/inst/hdmi_text_controller_v1_0_AXI_inst/palette_regs_reg[3][20]/G is not reached by a timing clock
Related violations: <none>

TIMING-20#110 Warning
Non-clocked latch  
The latch mb_block/hdmi_text_controller_0/inst/hdmi_text_controller_v1_0_AXI_inst/palette_regs_reg[3][21] cannot be properly analyzed as its control pin mb_block/hdmi_text_controller_0/inst/hdmi_text_controller_v1_0_AXI_inst/palette_regs_reg[3][21]/G is not reached by a timing clock
Related violations: <none>

TIMING-20#111 Warning
Non-clocked latch  
The latch mb_block/hdmi_text_controller_0/inst/hdmi_text_controller_v1_0_AXI_inst/palette_regs_reg[3][22] cannot be properly analyzed as its control pin mb_block/hdmi_text_controller_0/inst/hdmi_text_controller_v1_0_AXI_inst/palette_regs_reg[3][22]/G is not reached by a timing clock
Related violations: <none>

TIMING-20#112 Warning
Non-clocked latch  
The latch mb_block/hdmi_text_controller_0/inst/hdmi_text_controller_v1_0_AXI_inst/palette_regs_reg[3][23] cannot be properly analyzed as its control pin mb_block/hdmi_text_controller_0/inst/hdmi_text_controller_v1_0_AXI_inst/palette_regs_reg[3][23]/G is not reached by a timing clock
Related violations: <none>

TIMING-20#113 Warning
Non-clocked latch  
The latch mb_block/hdmi_text_controller_0/inst/hdmi_text_controller_v1_0_AXI_inst/palette_regs_reg[3][24] cannot be properly analyzed as its control pin mb_block/hdmi_text_controller_0/inst/hdmi_text_controller_v1_0_AXI_inst/palette_regs_reg[3][24]/G is not reached by a timing clock
Related violations: <none>

TIMING-20#114 Warning
Non-clocked latch  
The latch mb_block/hdmi_text_controller_0/inst/hdmi_text_controller_v1_0_AXI_inst/palette_regs_reg[3][25] cannot be properly analyzed as its control pin mb_block/hdmi_text_controller_0/inst/hdmi_text_controller_v1_0_AXI_inst/palette_regs_reg[3][25]/G is not reached by a timing clock
Related violations: <none>

TIMING-20#115 Warning
Non-clocked latch  
The latch mb_block/hdmi_text_controller_0/inst/hdmi_text_controller_v1_0_AXI_inst/palette_regs_reg[3][26] cannot be properly analyzed as its control pin mb_block/hdmi_text_controller_0/inst/hdmi_text_controller_v1_0_AXI_inst/palette_regs_reg[3][26]/G is not reached by a timing clock
Related violations: <none>

TIMING-20#116 Warning
Non-clocked latch  
The latch mb_block/hdmi_text_controller_0/inst/hdmi_text_controller_v1_0_AXI_inst/palette_regs_reg[3][27] cannot be properly analyzed as its control pin mb_block/hdmi_text_controller_0/inst/hdmi_text_controller_v1_0_AXI_inst/palette_regs_reg[3][27]/G is not reached by a timing clock
Related violations: <none>

TIMING-20#117 Warning
Non-clocked latch  
The latch mb_block/hdmi_text_controller_0/inst/hdmi_text_controller_v1_0_AXI_inst/palette_regs_reg[3][28] cannot be properly analyzed as its control pin mb_block/hdmi_text_controller_0/inst/hdmi_text_controller_v1_0_AXI_inst/palette_regs_reg[3][28]/G is not reached by a timing clock
Related violations: <none>

TIMING-20#118 Warning
Non-clocked latch  
The latch mb_block/hdmi_text_controller_0/inst/hdmi_text_controller_v1_0_AXI_inst/palette_regs_reg[3][29] cannot be properly analyzed as its control pin mb_block/hdmi_text_controller_0/inst/hdmi_text_controller_v1_0_AXI_inst/palette_regs_reg[3][29]/G is not reached by a timing clock
Related violations: <none>

TIMING-20#119 Warning
Non-clocked latch  
The latch mb_block/hdmi_text_controller_0/inst/hdmi_text_controller_v1_0_AXI_inst/palette_regs_reg[3][2] cannot be properly analyzed as its control pin mb_block/hdmi_text_controller_0/inst/hdmi_text_controller_v1_0_AXI_inst/palette_regs_reg[3][2]/G is not reached by a timing clock
Related violations: <none>

TIMING-20#120 Warning
Non-clocked latch  
The latch mb_block/hdmi_text_controller_0/inst/hdmi_text_controller_v1_0_AXI_inst/palette_regs_reg[3][30] cannot be properly analyzed as its control pin mb_block/hdmi_text_controller_0/inst/hdmi_text_controller_v1_0_AXI_inst/palette_regs_reg[3][30]/G is not reached by a timing clock
Related violations: <none>

TIMING-20#121 Warning
Non-clocked latch  
The latch mb_block/hdmi_text_controller_0/inst/hdmi_text_controller_v1_0_AXI_inst/palette_regs_reg[3][31] cannot be properly analyzed as its control pin mb_block/hdmi_text_controller_0/inst/hdmi_text_controller_v1_0_AXI_inst/palette_regs_reg[3][31]/G is not reached by a timing clock
Related violations: <none>

TIMING-20#122 Warning
Non-clocked latch  
The latch mb_block/hdmi_text_controller_0/inst/hdmi_text_controller_v1_0_AXI_inst/palette_regs_reg[3][3] cannot be properly analyzed as its control pin mb_block/hdmi_text_controller_0/inst/hdmi_text_controller_v1_0_AXI_inst/palette_regs_reg[3][3]/G is not reached by a timing clock
Related violations: <none>

TIMING-20#123 Warning
Non-clocked latch  
The latch mb_block/hdmi_text_controller_0/inst/hdmi_text_controller_v1_0_AXI_inst/palette_regs_reg[3][4] cannot be properly analyzed as its control pin mb_block/hdmi_text_controller_0/inst/hdmi_text_controller_v1_0_AXI_inst/palette_regs_reg[3][4]/G is not reached by a timing clock
Related violations: <none>

TIMING-20#124 Warning
Non-clocked latch  
The latch mb_block/hdmi_text_controller_0/inst/hdmi_text_controller_v1_0_AXI_inst/palette_regs_reg[3][5] cannot be properly analyzed as its control pin mb_block/hdmi_text_controller_0/inst/hdmi_text_controller_v1_0_AXI_inst/palette_regs_reg[3][5]/G is not reached by a timing clock
Related violations: <none>

TIMING-20#125 Warning
Non-clocked latch  
The latch mb_block/hdmi_text_controller_0/inst/hdmi_text_controller_v1_0_AXI_inst/palette_regs_reg[3][6] cannot be properly analyzed as its control pin mb_block/hdmi_text_controller_0/inst/hdmi_text_controller_v1_0_AXI_inst/palette_regs_reg[3][6]/G is not reached by a timing clock
Related violations: <none>

TIMING-20#126 Warning
Non-clocked latch  
The latch mb_block/hdmi_text_controller_0/inst/hdmi_text_controller_v1_0_AXI_inst/palette_regs_reg[3][7] cannot be properly analyzed as its control pin mb_block/hdmi_text_controller_0/inst/hdmi_text_controller_v1_0_AXI_inst/palette_regs_reg[3][7]/G is not reached by a timing clock
Related violations: <none>

TIMING-20#127 Warning
Non-clocked latch  
The latch mb_block/hdmi_text_controller_0/inst/hdmi_text_controller_v1_0_AXI_inst/palette_regs_reg[3][8] cannot be properly analyzed as its control pin mb_block/hdmi_text_controller_0/inst/hdmi_text_controller_v1_0_AXI_inst/palette_regs_reg[3][8]/G is not reached by a timing clock
Related violations: <none>

TIMING-20#128 Warning
Non-clocked latch  
The latch mb_block/hdmi_text_controller_0/inst/hdmi_text_controller_v1_0_AXI_inst/palette_regs_reg[3][9] cannot be properly analyzed as its control pin mb_block/hdmi_text_controller_0/inst/hdmi_text_controller_v1_0_AXI_inst/palette_regs_reg[3][9]/G is not reached by a timing clock
Related violations: <none>

TIMING-20#129 Warning
Non-clocked latch  
The latch mb_block/hdmi_text_controller_0/inst/hdmi_text_controller_v1_0_AXI_inst/palette_regs_reg[4][0] cannot be properly analyzed as its control pin mb_block/hdmi_text_controller_0/inst/hdmi_text_controller_v1_0_AXI_inst/palette_regs_reg[4][0]/G is not reached by a timing clock
Related violations: <none>

TIMING-20#130 Warning
Non-clocked latch  
The latch mb_block/hdmi_text_controller_0/inst/hdmi_text_controller_v1_0_AXI_inst/palette_regs_reg[4][10] cannot be properly analyzed as its control pin mb_block/hdmi_text_controller_0/inst/hdmi_text_controller_v1_0_AXI_inst/palette_regs_reg[4][10]/G is not reached by a timing clock
Related violations: <none>

TIMING-20#131 Warning
Non-clocked latch  
The latch mb_block/hdmi_text_controller_0/inst/hdmi_text_controller_v1_0_AXI_inst/palette_regs_reg[4][11] cannot be properly analyzed as its control pin mb_block/hdmi_text_controller_0/inst/hdmi_text_controller_v1_0_AXI_inst/palette_regs_reg[4][11]/G is not reached by a timing clock
Related violations: <none>

TIMING-20#132 Warning
Non-clocked latch  
The latch mb_block/hdmi_text_controller_0/inst/hdmi_text_controller_v1_0_AXI_inst/palette_regs_reg[4][12] cannot be properly analyzed as its control pin mb_block/hdmi_text_controller_0/inst/hdmi_text_controller_v1_0_AXI_inst/palette_regs_reg[4][12]/G is not reached by a timing clock
Related violations: <none>

TIMING-20#133 Warning
Non-clocked latch  
The latch mb_block/hdmi_text_controller_0/inst/hdmi_text_controller_v1_0_AXI_inst/palette_regs_reg[4][13] cannot be properly analyzed as its control pin mb_block/hdmi_text_controller_0/inst/hdmi_text_controller_v1_0_AXI_inst/palette_regs_reg[4][13]/G is not reached by a timing clock
Related violations: <none>

TIMING-20#134 Warning
Non-clocked latch  
The latch mb_block/hdmi_text_controller_0/inst/hdmi_text_controller_v1_0_AXI_inst/palette_regs_reg[4][14] cannot be properly analyzed as its control pin mb_block/hdmi_text_controller_0/inst/hdmi_text_controller_v1_0_AXI_inst/palette_regs_reg[4][14]/G is not reached by a timing clock
Related violations: <none>

TIMING-20#135 Warning
Non-clocked latch  
The latch mb_block/hdmi_text_controller_0/inst/hdmi_text_controller_v1_0_AXI_inst/palette_regs_reg[4][15] cannot be properly analyzed as its control pin mb_block/hdmi_text_controller_0/inst/hdmi_text_controller_v1_0_AXI_inst/palette_regs_reg[4][15]/G is not reached by a timing clock
Related violations: <none>

TIMING-20#136 Warning
Non-clocked latch  
The latch mb_block/hdmi_text_controller_0/inst/hdmi_text_controller_v1_0_AXI_inst/palette_regs_reg[4][16] cannot be properly analyzed as its control pin mb_block/hdmi_text_controller_0/inst/hdmi_text_controller_v1_0_AXI_inst/palette_regs_reg[4][16]/G is not reached by a timing clock
Related violations: <none>

TIMING-20#137 Warning
Non-clocked latch  
The latch mb_block/hdmi_text_controller_0/inst/hdmi_text_controller_v1_0_AXI_inst/palette_regs_reg[4][17] cannot be properly analyzed as its control pin mb_block/hdmi_text_controller_0/inst/hdmi_text_controller_v1_0_AXI_inst/palette_regs_reg[4][17]/G is not reached by a timing clock
Related violations: <none>

TIMING-20#138 Warning
Non-clocked latch  
The latch mb_block/hdmi_text_controller_0/inst/hdmi_text_controller_v1_0_AXI_inst/palette_regs_reg[4][18] cannot be properly analyzed as its control pin mb_block/hdmi_text_controller_0/inst/hdmi_text_controller_v1_0_AXI_inst/palette_regs_reg[4][18]/G is not reached by a timing clock
Related violations: <none>

TIMING-20#139 Warning
Non-clocked latch  
The latch mb_block/hdmi_text_controller_0/inst/hdmi_text_controller_v1_0_AXI_inst/palette_regs_reg[4][19] cannot be properly analyzed as its control pin mb_block/hdmi_text_controller_0/inst/hdmi_text_controller_v1_0_AXI_inst/palette_regs_reg[4][19]/G is not reached by a timing clock
Related violations: <none>

TIMING-20#140 Warning
Non-clocked latch  
The latch mb_block/hdmi_text_controller_0/inst/hdmi_text_controller_v1_0_AXI_inst/palette_regs_reg[4][1] cannot be properly analyzed as its control pin mb_block/hdmi_text_controller_0/inst/hdmi_text_controller_v1_0_AXI_inst/palette_regs_reg[4][1]/G is not reached by a timing clock
Related violations: <none>

TIMING-20#141 Warning
Non-clocked latch  
The latch mb_block/hdmi_text_controller_0/inst/hdmi_text_controller_v1_0_AXI_inst/palette_regs_reg[4][20] cannot be properly analyzed as its control pin mb_block/hdmi_text_controller_0/inst/hdmi_text_controller_v1_0_AXI_inst/palette_regs_reg[4][20]/G is not reached by a timing clock
Related violations: <none>

TIMING-20#142 Warning
Non-clocked latch  
The latch mb_block/hdmi_text_controller_0/inst/hdmi_text_controller_v1_0_AXI_inst/palette_regs_reg[4][21] cannot be properly analyzed as its control pin mb_block/hdmi_text_controller_0/inst/hdmi_text_controller_v1_0_AXI_inst/palette_regs_reg[4][21]/G is not reached by a timing clock
Related violations: <none>

TIMING-20#143 Warning
Non-clocked latch  
The latch mb_block/hdmi_text_controller_0/inst/hdmi_text_controller_v1_0_AXI_inst/palette_regs_reg[4][22] cannot be properly analyzed as its control pin mb_block/hdmi_text_controller_0/inst/hdmi_text_controller_v1_0_AXI_inst/palette_regs_reg[4][22]/G is not reached by a timing clock
Related violations: <none>

TIMING-20#144 Warning
Non-clocked latch  
The latch mb_block/hdmi_text_controller_0/inst/hdmi_text_controller_v1_0_AXI_inst/palette_regs_reg[4][23] cannot be properly analyzed as its control pin mb_block/hdmi_text_controller_0/inst/hdmi_text_controller_v1_0_AXI_inst/palette_regs_reg[4][23]/G is not reached by a timing clock
Related violations: <none>

TIMING-20#145 Warning
Non-clocked latch  
The latch mb_block/hdmi_text_controller_0/inst/hdmi_text_controller_v1_0_AXI_inst/palette_regs_reg[4][24] cannot be properly analyzed as its control pin mb_block/hdmi_text_controller_0/inst/hdmi_text_controller_v1_0_AXI_inst/palette_regs_reg[4][24]/G is not reached by a timing clock
Related violations: <none>

TIMING-20#146 Warning
Non-clocked latch  
The latch mb_block/hdmi_text_controller_0/inst/hdmi_text_controller_v1_0_AXI_inst/palette_regs_reg[4][25] cannot be properly analyzed as its control pin mb_block/hdmi_text_controller_0/inst/hdmi_text_controller_v1_0_AXI_inst/palette_regs_reg[4][25]/G is not reached by a timing clock
Related violations: <none>

TIMING-20#147 Warning
Non-clocked latch  
The latch mb_block/hdmi_text_controller_0/inst/hdmi_text_controller_v1_0_AXI_inst/palette_regs_reg[4][26] cannot be properly analyzed as its control pin mb_block/hdmi_text_controller_0/inst/hdmi_text_controller_v1_0_AXI_inst/palette_regs_reg[4][26]/G is not reached by a timing clock
Related violations: <none>

TIMING-20#148 Warning
Non-clocked latch  
The latch mb_block/hdmi_text_controller_0/inst/hdmi_text_controller_v1_0_AXI_inst/palette_regs_reg[4][27] cannot be properly analyzed as its control pin mb_block/hdmi_text_controller_0/inst/hdmi_text_controller_v1_0_AXI_inst/palette_regs_reg[4][27]/G is not reached by a timing clock
Related violations: <none>

TIMING-20#149 Warning
Non-clocked latch  
The latch mb_block/hdmi_text_controller_0/inst/hdmi_text_controller_v1_0_AXI_inst/palette_regs_reg[4][28] cannot be properly analyzed as its control pin mb_block/hdmi_text_controller_0/inst/hdmi_text_controller_v1_0_AXI_inst/palette_regs_reg[4][28]/G is not reached by a timing clock
Related violations: <none>

TIMING-20#150 Warning
Non-clocked latch  
The latch mb_block/hdmi_text_controller_0/inst/hdmi_text_controller_v1_0_AXI_inst/palette_regs_reg[4][29] cannot be properly analyzed as its control pin mb_block/hdmi_text_controller_0/inst/hdmi_text_controller_v1_0_AXI_inst/palette_regs_reg[4][29]/G is not reached by a timing clock
Related violations: <none>

TIMING-20#151 Warning
Non-clocked latch  
The latch mb_block/hdmi_text_controller_0/inst/hdmi_text_controller_v1_0_AXI_inst/palette_regs_reg[4][2] cannot be properly analyzed as its control pin mb_block/hdmi_text_controller_0/inst/hdmi_text_controller_v1_0_AXI_inst/palette_regs_reg[4][2]/G is not reached by a timing clock
Related violations: <none>

TIMING-20#152 Warning
Non-clocked latch  
The latch mb_block/hdmi_text_controller_0/inst/hdmi_text_controller_v1_0_AXI_inst/palette_regs_reg[4][30] cannot be properly analyzed as its control pin mb_block/hdmi_text_controller_0/inst/hdmi_text_controller_v1_0_AXI_inst/palette_regs_reg[4][30]/G is not reached by a timing clock
Related violations: <none>

TIMING-20#153 Warning
Non-clocked latch  
The latch mb_block/hdmi_text_controller_0/inst/hdmi_text_controller_v1_0_AXI_inst/palette_regs_reg[4][31] cannot be properly analyzed as its control pin mb_block/hdmi_text_controller_0/inst/hdmi_text_controller_v1_0_AXI_inst/palette_regs_reg[4][31]/G is not reached by a timing clock
Related violations: <none>

TIMING-20#154 Warning
Non-clocked latch  
The latch mb_block/hdmi_text_controller_0/inst/hdmi_text_controller_v1_0_AXI_inst/palette_regs_reg[4][3] cannot be properly analyzed as its control pin mb_block/hdmi_text_controller_0/inst/hdmi_text_controller_v1_0_AXI_inst/palette_regs_reg[4][3]/G is not reached by a timing clock
Related violations: <none>

TIMING-20#155 Warning
Non-clocked latch  
The latch mb_block/hdmi_text_controller_0/inst/hdmi_text_controller_v1_0_AXI_inst/palette_regs_reg[4][4] cannot be properly analyzed as its control pin mb_block/hdmi_text_controller_0/inst/hdmi_text_controller_v1_0_AXI_inst/palette_regs_reg[4][4]/G is not reached by a timing clock
Related violations: <none>

TIMING-20#156 Warning
Non-clocked latch  
The latch mb_block/hdmi_text_controller_0/inst/hdmi_text_controller_v1_0_AXI_inst/palette_regs_reg[4][5] cannot be properly analyzed as its control pin mb_block/hdmi_text_controller_0/inst/hdmi_text_controller_v1_0_AXI_inst/palette_regs_reg[4][5]/G is not reached by a timing clock
Related violations: <none>

TIMING-20#157 Warning
Non-clocked latch  
The latch mb_block/hdmi_text_controller_0/inst/hdmi_text_controller_v1_0_AXI_inst/palette_regs_reg[4][6] cannot be properly analyzed as its control pin mb_block/hdmi_text_controller_0/inst/hdmi_text_controller_v1_0_AXI_inst/palette_regs_reg[4][6]/G is not reached by a timing clock
Related violations: <none>

TIMING-20#158 Warning
Non-clocked latch  
The latch mb_block/hdmi_text_controller_0/inst/hdmi_text_controller_v1_0_AXI_inst/palette_regs_reg[4][7] cannot be properly analyzed as its control pin mb_block/hdmi_text_controller_0/inst/hdmi_text_controller_v1_0_AXI_inst/palette_regs_reg[4][7]/G is not reached by a timing clock
Related violations: <none>

TIMING-20#159 Warning
Non-clocked latch  
The latch mb_block/hdmi_text_controller_0/inst/hdmi_text_controller_v1_0_AXI_inst/palette_regs_reg[4][8] cannot be properly analyzed as its control pin mb_block/hdmi_text_controller_0/inst/hdmi_text_controller_v1_0_AXI_inst/palette_regs_reg[4][8]/G is not reached by a timing clock
Related violations: <none>

TIMING-20#160 Warning
Non-clocked latch  
The latch mb_block/hdmi_text_controller_0/inst/hdmi_text_controller_v1_0_AXI_inst/palette_regs_reg[4][9] cannot be properly analyzed as its control pin mb_block/hdmi_text_controller_0/inst/hdmi_text_controller_v1_0_AXI_inst/palette_regs_reg[4][9]/G is not reached by a timing clock
Related violations: <none>

TIMING-20#161 Warning
Non-clocked latch  
The latch mb_block/hdmi_text_controller_0/inst/hdmi_text_controller_v1_0_AXI_inst/palette_regs_reg[5][0] cannot be properly analyzed as its control pin mb_block/hdmi_text_controller_0/inst/hdmi_text_controller_v1_0_AXI_inst/palette_regs_reg[5][0]/G is not reached by a timing clock
Related violations: <none>

TIMING-20#162 Warning
Non-clocked latch  
The latch mb_block/hdmi_text_controller_0/inst/hdmi_text_controller_v1_0_AXI_inst/palette_regs_reg[5][10] cannot be properly analyzed as its control pin mb_block/hdmi_text_controller_0/inst/hdmi_text_controller_v1_0_AXI_inst/palette_regs_reg[5][10]/G is not reached by a timing clock
Related violations: <none>

TIMING-20#163 Warning
Non-clocked latch  
The latch mb_block/hdmi_text_controller_0/inst/hdmi_text_controller_v1_0_AXI_inst/palette_regs_reg[5][11] cannot be properly analyzed as its control pin mb_block/hdmi_text_controller_0/inst/hdmi_text_controller_v1_0_AXI_inst/palette_regs_reg[5][11]/G is not reached by a timing clock
Related violations: <none>

TIMING-20#164 Warning
Non-clocked latch  
The latch mb_block/hdmi_text_controller_0/inst/hdmi_text_controller_v1_0_AXI_inst/palette_regs_reg[5][12] cannot be properly analyzed as its control pin mb_block/hdmi_text_controller_0/inst/hdmi_text_controller_v1_0_AXI_inst/palette_regs_reg[5][12]/G is not reached by a timing clock
Related violations: <none>

TIMING-20#165 Warning
Non-clocked latch  
The latch mb_block/hdmi_text_controller_0/inst/hdmi_text_controller_v1_0_AXI_inst/palette_regs_reg[5][13] cannot be properly analyzed as its control pin mb_block/hdmi_text_controller_0/inst/hdmi_text_controller_v1_0_AXI_inst/palette_regs_reg[5][13]/G is not reached by a timing clock
Related violations: <none>

TIMING-20#166 Warning
Non-clocked latch  
The latch mb_block/hdmi_text_controller_0/inst/hdmi_text_controller_v1_0_AXI_inst/palette_regs_reg[5][14] cannot be properly analyzed as its control pin mb_block/hdmi_text_controller_0/inst/hdmi_text_controller_v1_0_AXI_inst/palette_regs_reg[5][14]/G is not reached by a timing clock
Related violations: <none>

TIMING-20#167 Warning
Non-clocked latch  
The latch mb_block/hdmi_text_controller_0/inst/hdmi_text_controller_v1_0_AXI_inst/palette_regs_reg[5][15] cannot be properly analyzed as its control pin mb_block/hdmi_text_controller_0/inst/hdmi_text_controller_v1_0_AXI_inst/palette_regs_reg[5][15]/G is not reached by a timing clock
Related violations: <none>

TIMING-20#168 Warning
Non-clocked latch  
The latch mb_block/hdmi_text_controller_0/inst/hdmi_text_controller_v1_0_AXI_inst/palette_regs_reg[5][16] cannot be properly analyzed as its control pin mb_block/hdmi_text_controller_0/inst/hdmi_text_controller_v1_0_AXI_inst/palette_regs_reg[5][16]/G is not reached by a timing clock
Related violations: <none>

TIMING-20#169 Warning
Non-clocked latch  
The latch mb_block/hdmi_text_controller_0/inst/hdmi_text_controller_v1_0_AXI_inst/palette_regs_reg[5][17] cannot be properly analyzed as its control pin mb_block/hdmi_text_controller_0/inst/hdmi_text_controller_v1_0_AXI_inst/palette_regs_reg[5][17]/G is not reached by a timing clock
Related violations: <none>

TIMING-20#170 Warning
Non-clocked latch  
The latch mb_block/hdmi_text_controller_0/inst/hdmi_text_controller_v1_0_AXI_inst/palette_regs_reg[5][18] cannot be properly analyzed as its control pin mb_block/hdmi_text_controller_0/inst/hdmi_text_controller_v1_0_AXI_inst/palette_regs_reg[5][18]/G is not reached by a timing clock
Related violations: <none>

TIMING-20#171 Warning
Non-clocked latch  
The latch mb_block/hdmi_text_controller_0/inst/hdmi_text_controller_v1_0_AXI_inst/palette_regs_reg[5][19] cannot be properly analyzed as its control pin mb_block/hdmi_text_controller_0/inst/hdmi_text_controller_v1_0_AXI_inst/palette_regs_reg[5][19]/G is not reached by a timing clock
Related violations: <none>

TIMING-20#172 Warning
Non-clocked latch  
The latch mb_block/hdmi_text_controller_0/inst/hdmi_text_controller_v1_0_AXI_inst/palette_regs_reg[5][1] cannot be properly analyzed as its control pin mb_block/hdmi_text_controller_0/inst/hdmi_text_controller_v1_0_AXI_inst/palette_regs_reg[5][1]/G is not reached by a timing clock
Related violations: <none>

TIMING-20#173 Warning
Non-clocked latch  
The latch mb_block/hdmi_text_controller_0/inst/hdmi_text_controller_v1_0_AXI_inst/palette_regs_reg[5][20] cannot be properly analyzed as its control pin mb_block/hdmi_text_controller_0/inst/hdmi_text_controller_v1_0_AXI_inst/palette_regs_reg[5][20]/G is not reached by a timing clock
Related violations: <none>

TIMING-20#174 Warning
Non-clocked latch  
The latch mb_block/hdmi_text_controller_0/inst/hdmi_text_controller_v1_0_AXI_inst/palette_regs_reg[5][21] cannot be properly analyzed as its control pin mb_block/hdmi_text_controller_0/inst/hdmi_text_controller_v1_0_AXI_inst/palette_regs_reg[5][21]/G is not reached by a timing clock
Related violations: <none>

TIMING-20#175 Warning
Non-clocked latch  
The latch mb_block/hdmi_text_controller_0/inst/hdmi_text_controller_v1_0_AXI_inst/palette_regs_reg[5][22] cannot be properly analyzed as its control pin mb_block/hdmi_text_controller_0/inst/hdmi_text_controller_v1_0_AXI_inst/palette_regs_reg[5][22]/G is not reached by a timing clock
Related violations: <none>

TIMING-20#176 Warning
Non-clocked latch  
The latch mb_block/hdmi_text_controller_0/inst/hdmi_text_controller_v1_0_AXI_inst/palette_regs_reg[5][23] cannot be properly analyzed as its control pin mb_block/hdmi_text_controller_0/inst/hdmi_text_controller_v1_0_AXI_inst/palette_regs_reg[5][23]/G is not reached by a timing clock
Related violations: <none>

TIMING-20#177 Warning
Non-clocked latch  
The latch mb_block/hdmi_text_controller_0/inst/hdmi_text_controller_v1_0_AXI_inst/palette_regs_reg[5][24] cannot be properly analyzed as its control pin mb_block/hdmi_text_controller_0/inst/hdmi_text_controller_v1_0_AXI_inst/palette_regs_reg[5][24]/G is not reached by a timing clock
Related violations: <none>

TIMING-20#178 Warning
Non-clocked latch  
The latch mb_block/hdmi_text_controller_0/inst/hdmi_text_controller_v1_0_AXI_inst/palette_regs_reg[5][25] cannot be properly analyzed as its control pin mb_block/hdmi_text_controller_0/inst/hdmi_text_controller_v1_0_AXI_inst/palette_regs_reg[5][25]/G is not reached by a timing clock
Related violations: <none>

TIMING-20#179 Warning
Non-clocked latch  
The latch mb_block/hdmi_text_controller_0/inst/hdmi_text_controller_v1_0_AXI_inst/palette_regs_reg[5][26] cannot be properly analyzed as its control pin mb_block/hdmi_text_controller_0/inst/hdmi_text_controller_v1_0_AXI_inst/palette_regs_reg[5][26]/G is not reached by a timing clock
Related violations: <none>

TIMING-20#180 Warning
Non-clocked latch  
The latch mb_block/hdmi_text_controller_0/inst/hdmi_text_controller_v1_0_AXI_inst/palette_regs_reg[5][27] cannot be properly analyzed as its control pin mb_block/hdmi_text_controller_0/inst/hdmi_text_controller_v1_0_AXI_inst/palette_regs_reg[5][27]/G is not reached by a timing clock
Related violations: <none>

TIMING-20#181 Warning
Non-clocked latch  
The latch mb_block/hdmi_text_controller_0/inst/hdmi_text_controller_v1_0_AXI_inst/palette_regs_reg[5][28] cannot be properly analyzed as its control pin mb_block/hdmi_text_controller_0/inst/hdmi_text_controller_v1_0_AXI_inst/palette_regs_reg[5][28]/G is not reached by a timing clock
Related violations: <none>

TIMING-20#182 Warning
Non-clocked latch  
The latch mb_block/hdmi_text_controller_0/inst/hdmi_text_controller_v1_0_AXI_inst/palette_regs_reg[5][29] cannot be properly analyzed as its control pin mb_block/hdmi_text_controller_0/inst/hdmi_text_controller_v1_0_AXI_inst/palette_regs_reg[5][29]/G is not reached by a timing clock
Related violations: <none>

TIMING-20#183 Warning
Non-clocked latch  
The latch mb_block/hdmi_text_controller_0/inst/hdmi_text_controller_v1_0_AXI_inst/palette_regs_reg[5][2] cannot be properly analyzed as its control pin mb_block/hdmi_text_controller_0/inst/hdmi_text_controller_v1_0_AXI_inst/palette_regs_reg[5][2]/G is not reached by a timing clock
Related violations: <none>

TIMING-20#184 Warning
Non-clocked latch  
The latch mb_block/hdmi_text_controller_0/inst/hdmi_text_controller_v1_0_AXI_inst/palette_regs_reg[5][30] cannot be properly analyzed as its control pin mb_block/hdmi_text_controller_0/inst/hdmi_text_controller_v1_0_AXI_inst/palette_regs_reg[5][30]/G is not reached by a timing clock
Related violations: <none>

TIMING-20#185 Warning
Non-clocked latch  
The latch mb_block/hdmi_text_controller_0/inst/hdmi_text_controller_v1_0_AXI_inst/palette_regs_reg[5][31] cannot be properly analyzed as its control pin mb_block/hdmi_text_controller_0/inst/hdmi_text_controller_v1_0_AXI_inst/palette_regs_reg[5][31]/G is not reached by a timing clock
Related violations: <none>

TIMING-20#186 Warning
Non-clocked latch  
The latch mb_block/hdmi_text_controller_0/inst/hdmi_text_controller_v1_0_AXI_inst/palette_regs_reg[5][3] cannot be properly analyzed as its control pin mb_block/hdmi_text_controller_0/inst/hdmi_text_controller_v1_0_AXI_inst/palette_regs_reg[5][3]/G is not reached by a timing clock
Related violations: <none>

TIMING-20#187 Warning
Non-clocked latch  
The latch mb_block/hdmi_text_controller_0/inst/hdmi_text_controller_v1_0_AXI_inst/palette_regs_reg[5][4] cannot be properly analyzed as its control pin mb_block/hdmi_text_controller_0/inst/hdmi_text_controller_v1_0_AXI_inst/palette_regs_reg[5][4]/G is not reached by a timing clock
Related violations: <none>

TIMING-20#188 Warning
Non-clocked latch  
The latch mb_block/hdmi_text_controller_0/inst/hdmi_text_controller_v1_0_AXI_inst/palette_regs_reg[5][5] cannot be properly analyzed as its control pin mb_block/hdmi_text_controller_0/inst/hdmi_text_controller_v1_0_AXI_inst/palette_regs_reg[5][5]/G is not reached by a timing clock
Related violations: <none>

TIMING-20#189 Warning
Non-clocked latch  
The latch mb_block/hdmi_text_controller_0/inst/hdmi_text_controller_v1_0_AXI_inst/palette_regs_reg[5][6] cannot be properly analyzed as its control pin mb_block/hdmi_text_controller_0/inst/hdmi_text_controller_v1_0_AXI_inst/palette_regs_reg[5][6]/G is not reached by a timing clock
Related violations: <none>

TIMING-20#190 Warning
Non-clocked latch  
The latch mb_block/hdmi_text_controller_0/inst/hdmi_text_controller_v1_0_AXI_inst/palette_regs_reg[5][7] cannot be properly analyzed as its control pin mb_block/hdmi_text_controller_0/inst/hdmi_text_controller_v1_0_AXI_inst/palette_regs_reg[5][7]/G is not reached by a timing clock
Related violations: <none>

TIMING-20#191 Warning
Non-clocked latch  
The latch mb_block/hdmi_text_controller_0/inst/hdmi_text_controller_v1_0_AXI_inst/palette_regs_reg[5][8] cannot be properly analyzed as its control pin mb_block/hdmi_text_controller_0/inst/hdmi_text_controller_v1_0_AXI_inst/palette_regs_reg[5][8]/G is not reached by a timing clock
Related violations: <none>

TIMING-20#192 Warning
Non-clocked latch  
The latch mb_block/hdmi_text_controller_0/inst/hdmi_text_controller_v1_0_AXI_inst/palette_regs_reg[5][9] cannot be properly analyzed as its control pin mb_block/hdmi_text_controller_0/inst/hdmi_text_controller_v1_0_AXI_inst/palette_regs_reg[5][9]/G is not reached by a timing clock
Related violations: <none>

TIMING-20#193 Warning
Non-clocked latch  
The latch mb_block/hdmi_text_controller_0/inst/hdmi_text_controller_v1_0_AXI_inst/palette_regs_reg[6][0] cannot be properly analyzed as its control pin mb_block/hdmi_text_controller_0/inst/hdmi_text_controller_v1_0_AXI_inst/palette_regs_reg[6][0]/G is not reached by a timing clock
Related violations: <none>

TIMING-20#194 Warning
Non-clocked latch  
The latch mb_block/hdmi_text_controller_0/inst/hdmi_text_controller_v1_0_AXI_inst/palette_regs_reg[6][10] cannot be properly analyzed as its control pin mb_block/hdmi_text_controller_0/inst/hdmi_text_controller_v1_0_AXI_inst/palette_regs_reg[6][10]/G is not reached by a timing clock
Related violations: <none>

TIMING-20#195 Warning
Non-clocked latch  
The latch mb_block/hdmi_text_controller_0/inst/hdmi_text_controller_v1_0_AXI_inst/palette_regs_reg[6][11] cannot be properly analyzed as its control pin mb_block/hdmi_text_controller_0/inst/hdmi_text_controller_v1_0_AXI_inst/palette_regs_reg[6][11]/G is not reached by a timing clock
Related violations: <none>

TIMING-20#196 Warning
Non-clocked latch  
The latch mb_block/hdmi_text_controller_0/inst/hdmi_text_controller_v1_0_AXI_inst/palette_regs_reg[6][12] cannot be properly analyzed as its control pin mb_block/hdmi_text_controller_0/inst/hdmi_text_controller_v1_0_AXI_inst/palette_regs_reg[6][12]/G is not reached by a timing clock
Related violations: <none>

TIMING-20#197 Warning
Non-clocked latch  
The latch mb_block/hdmi_text_controller_0/inst/hdmi_text_controller_v1_0_AXI_inst/palette_regs_reg[6][13] cannot be properly analyzed as its control pin mb_block/hdmi_text_controller_0/inst/hdmi_text_controller_v1_0_AXI_inst/palette_regs_reg[6][13]/G is not reached by a timing clock
Related violations: <none>

TIMING-20#198 Warning
Non-clocked latch  
The latch mb_block/hdmi_text_controller_0/inst/hdmi_text_controller_v1_0_AXI_inst/palette_regs_reg[6][14] cannot be properly analyzed as its control pin mb_block/hdmi_text_controller_0/inst/hdmi_text_controller_v1_0_AXI_inst/palette_regs_reg[6][14]/G is not reached by a timing clock
Related violations: <none>

TIMING-20#199 Warning
Non-clocked latch  
The latch mb_block/hdmi_text_controller_0/inst/hdmi_text_controller_v1_0_AXI_inst/palette_regs_reg[6][15] cannot be properly analyzed as its control pin mb_block/hdmi_text_controller_0/inst/hdmi_text_controller_v1_0_AXI_inst/palette_regs_reg[6][15]/G is not reached by a timing clock
Related violations: <none>

TIMING-20#200 Warning
Non-clocked latch  
The latch mb_block/hdmi_text_controller_0/inst/hdmi_text_controller_v1_0_AXI_inst/palette_regs_reg[6][16] cannot be properly analyzed as its control pin mb_block/hdmi_text_controller_0/inst/hdmi_text_controller_v1_0_AXI_inst/palette_regs_reg[6][16]/G is not reached by a timing clock
Related violations: <none>

TIMING-20#201 Warning
Non-clocked latch  
The latch mb_block/hdmi_text_controller_0/inst/hdmi_text_controller_v1_0_AXI_inst/palette_regs_reg[6][17] cannot be properly analyzed as its control pin mb_block/hdmi_text_controller_0/inst/hdmi_text_controller_v1_0_AXI_inst/palette_regs_reg[6][17]/G is not reached by a timing clock
Related violations: <none>

TIMING-20#202 Warning
Non-clocked latch  
The latch mb_block/hdmi_text_controller_0/inst/hdmi_text_controller_v1_0_AXI_inst/palette_regs_reg[6][18] cannot be properly analyzed as its control pin mb_block/hdmi_text_controller_0/inst/hdmi_text_controller_v1_0_AXI_inst/palette_regs_reg[6][18]/G is not reached by a timing clock
Related violations: <none>

TIMING-20#203 Warning
Non-clocked latch  
The latch mb_block/hdmi_text_controller_0/inst/hdmi_text_controller_v1_0_AXI_inst/palette_regs_reg[6][19] cannot be properly analyzed as its control pin mb_block/hdmi_text_controller_0/inst/hdmi_text_controller_v1_0_AXI_inst/palette_regs_reg[6][19]/G is not reached by a timing clock
Related violations: <none>

TIMING-20#204 Warning
Non-clocked latch  
The latch mb_block/hdmi_text_controller_0/inst/hdmi_text_controller_v1_0_AXI_inst/palette_regs_reg[6][1] cannot be properly analyzed as its control pin mb_block/hdmi_text_controller_0/inst/hdmi_text_controller_v1_0_AXI_inst/palette_regs_reg[6][1]/G is not reached by a timing clock
Related violations: <none>

TIMING-20#205 Warning
Non-clocked latch  
The latch mb_block/hdmi_text_controller_0/inst/hdmi_text_controller_v1_0_AXI_inst/palette_regs_reg[6][20] cannot be properly analyzed as its control pin mb_block/hdmi_text_controller_0/inst/hdmi_text_controller_v1_0_AXI_inst/palette_regs_reg[6][20]/G is not reached by a timing clock
Related violations: <none>

TIMING-20#206 Warning
Non-clocked latch  
The latch mb_block/hdmi_text_controller_0/inst/hdmi_text_controller_v1_0_AXI_inst/palette_regs_reg[6][21] cannot be properly analyzed as its control pin mb_block/hdmi_text_controller_0/inst/hdmi_text_controller_v1_0_AXI_inst/palette_regs_reg[6][21]/G is not reached by a timing clock
Related violations: <none>

TIMING-20#207 Warning
Non-clocked latch  
The latch mb_block/hdmi_text_controller_0/inst/hdmi_text_controller_v1_0_AXI_inst/palette_regs_reg[6][22] cannot be properly analyzed as its control pin mb_block/hdmi_text_controller_0/inst/hdmi_text_controller_v1_0_AXI_inst/palette_regs_reg[6][22]/G is not reached by a timing clock
Related violations: <none>

TIMING-20#208 Warning
Non-clocked latch  
The latch mb_block/hdmi_text_controller_0/inst/hdmi_text_controller_v1_0_AXI_inst/palette_regs_reg[6][23] cannot be properly analyzed as its control pin mb_block/hdmi_text_controller_0/inst/hdmi_text_controller_v1_0_AXI_inst/palette_regs_reg[6][23]/G is not reached by a timing clock
Related violations: <none>

TIMING-20#209 Warning
Non-clocked latch  
The latch mb_block/hdmi_text_controller_0/inst/hdmi_text_controller_v1_0_AXI_inst/palette_regs_reg[6][24] cannot be properly analyzed as its control pin mb_block/hdmi_text_controller_0/inst/hdmi_text_controller_v1_0_AXI_inst/palette_regs_reg[6][24]/G is not reached by a timing clock
Related violations: <none>

TIMING-20#210 Warning
Non-clocked latch  
The latch mb_block/hdmi_text_controller_0/inst/hdmi_text_controller_v1_0_AXI_inst/palette_regs_reg[6][25] cannot be properly analyzed as its control pin mb_block/hdmi_text_controller_0/inst/hdmi_text_controller_v1_0_AXI_inst/palette_regs_reg[6][25]/G is not reached by a timing clock
Related violations: <none>

TIMING-20#211 Warning
Non-clocked latch  
The latch mb_block/hdmi_text_controller_0/inst/hdmi_text_controller_v1_0_AXI_inst/palette_regs_reg[6][26] cannot be properly analyzed as its control pin mb_block/hdmi_text_controller_0/inst/hdmi_text_controller_v1_0_AXI_inst/palette_regs_reg[6][26]/G is not reached by a timing clock
Related violations: <none>

TIMING-20#212 Warning
Non-clocked latch  
The latch mb_block/hdmi_text_controller_0/inst/hdmi_text_controller_v1_0_AXI_inst/palette_regs_reg[6][27] cannot be properly analyzed as its control pin mb_block/hdmi_text_controller_0/inst/hdmi_text_controller_v1_0_AXI_inst/palette_regs_reg[6][27]/G is not reached by a timing clock
Related violations: <none>

TIMING-20#213 Warning
Non-clocked latch  
The latch mb_block/hdmi_text_controller_0/inst/hdmi_text_controller_v1_0_AXI_inst/palette_regs_reg[6][28] cannot be properly analyzed as its control pin mb_block/hdmi_text_controller_0/inst/hdmi_text_controller_v1_0_AXI_inst/palette_regs_reg[6][28]/G is not reached by a timing clock
Related violations: <none>

TIMING-20#214 Warning
Non-clocked latch  
The latch mb_block/hdmi_text_controller_0/inst/hdmi_text_controller_v1_0_AXI_inst/palette_regs_reg[6][29] cannot be properly analyzed as its control pin mb_block/hdmi_text_controller_0/inst/hdmi_text_controller_v1_0_AXI_inst/palette_regs_reg[6][29]/G is not reached by a timing clock
Related violations: <none>

TIMING-20#215 Warning
Non-clocked latch  
The latch mb_block/hdmi_text_controller_0/inst/hdmi_text_controller_v1_0_AXI_inst/palette_regs_reg[6][2] cannot be properly analyzed as its control pin mb_block/hdmi_text_controller_0/inst/hdmi_text_controller_v1_0_AXI_inst/palette_regs_reg[6][2]/G is not reached by a timing clock
Related violations: <none>

TIMING-20#216 Warning
Non-clocked latch  
The latch mb_block/hdmi_text_controller_0/inst/hdmi_text_controller_v1_0_AXI_inst/palette_regs_reg[6][30] cannot be properly analyzed as its control pin mb_block/hdmi_text_controller_0/inst/hdmi_text_controller_v1_0_AXI_inst/palette_regs_reg[6][30]/G is not reached by a timing clock
Related violations: <none>

TIMING-20#217 Warning
Non-clocked latch  
The latch mb_block/hdmi_text_controller_0/inst/hdmi_text_controller_v1_0_AXI_inst/palette_regs_reg[6][31] cannot be properly analyzed as its control pin mb_block/hdmi_text_controller_0/inst/hdmi_text_controller_v1_0_AXI_inst/palette_regs_reg[6][31]/G is not reached by a timing clock
Related violations: <none>

TIMING-20#218 Warning
Non-clocked latch  
The latch mb_block/hdmi_text_controller_0/inst/hdmi_text_controller_v1_0_AXI_inst/palette_regs_reg[6][3] cannot be properly analyzed as its control pin mb_block/hdmi_text_controller_0/inst/hdmi_text_controller_v1_0_AXI_inst/palette_regs_reg[6][3]/G is not reached by a timing clock
Related violations: <none>

TIMING-20#219 Warning
Non-clocked latch  
The latch mb_block/hdmi_text_controller_0/inst/hdmi_text_controller_v1_0_AXI_inst/palette_regs_reg[6][4] cannot be properly analyzed as its control pin mb_block/hdmi_text_controller_0/inst/hdmi_text_controller_v1_0_AXI_inst/palette_regs_reg[6][4]/G is not reached by a timing clock
Related violations: <none>

TIMING-20#220 Warning
Non-clocked latch  
The latch mb_block/hdmi_text_controller_0/inst/hdmi_text_controller_v1_0_AXI_inst/palette_regs_reg[6][5] cannot be properly analyzed as its control pin mb_block/hdmi_text_controller_0/inst/hdmi_text_controller_v1_0_AXI_inst/palette_regs_reg[6][5]/G is not reached by a timing clock
Related violations: <none>

TIMING-20#221 Warning
Non-clocked latch  
The latch mb_block/hdmi_text_controller_0/inst/hdmi_text_controller_v1_0_AXI_inst/palette_regs_reg[6][6] cannot be properly analyzed as its control pin mb_block/hdmi_text_controller_0/inst/hdmi_text_controller_v1_0_AXI_inst/palette_regs_reg[6][6]/G is not reached by a timing clock
Related violations: <none>

TIMING-20#222 Warning
Non-clocked latch  
The latch mb_block/hdmi_text_controller_0/inst/hdmi_text_controller_v1_0_AXI_inst/palette_regs_reg[6][7] cannot be properly analyzed as its control pin mb_block/hdmi_text_controller_0/inst/hdmi_text_controller_v1_0_AXI_inst/palette_regs_reg[6][7]/G is not reached by a timing clock
Related violations: <none>

TIMING-20#223 Warning
Non-clocked latch  
The latch mb_block/hdmi_text_controller_0/inst/hdmi_text_controller_v1_0_AXI_inst/palette_regs_reg[6][8] cannot be properly analyzed as its control pin mb_block/hdmi_text_controller_0/inst/hdmi_text_controller_v1_0_AXI_inst/palette_regs_reg[6][8]/G is not reached by a timing clock
Related violations: <none>

TIMING-20#224 Warning
Non-clocked latch  
The latch mb_block/hdmi_text_controller_0/inst/hdmi_text_controller_v1_0_AXI_inst/palette_regs_reg[6][9] cannot be properly analyzed as its control pin mb_block/hdmi_text_controller_0/inst/hdmi_text_controller_v1_0_AXI_inst/palette_regs_reg[6][9]/G is not reached by a timing clock
Related violations: <none>

TIMING-20#225 Warning
Non-clocked latch  
The latch mb_block/hdmi_text_controller_0/inst/hdmi_text_controller_v1_0_AXI_inst/palette_regs_reg[7][0] cannot be properly analyzed as its control pin mb_block/hdmi_text_controller_0/inst/hdmi_text_controller_v1_0_AXI_inst/palette_regs_reg[7][0]/G is not reached by a timing clock
Related violations: <none>

TIMING-20#226 Warning
Non-clocked latch  
The latch mb_block/hdmi_text_controller_0/inst/hdmi_text_controller_v1_0_AXI_inst/palette_regs_reg[7][10] cannot be properly analyzed as its control pin mb_block/hdmi_text_controller_0/inst/hdmi_text_controller_v1_0_AXI_inst/palette_regs_reg[7][10]/G is not reached by a timing clock
Related violations: <none>

TIMING-20#227 Warning
Non-clocked latch  
The latch mb_block/hdmi_text_controller_0/inst/hdmi_text_controller_v1_0_AXI_inst/palette_regs_reg[7][11] cannot be properly analyzed as its control pin mb_block/hdmi_text_controller_0/inst/hdmi_text_controller_v1_0_AXI_inst/palette_regs_reg[7][11]/G is not reached by a timing clock
Related violations: <none>

TIMING-20#228 Warning
Non-clocked latch  
The latch mb_block/hdmi_text_controller_0/inst/hdmi_text_controller_v1_0_AXI_inst/palette_regs_reg[7][12] cannot be properly analyzed as its control pin mb_block/hdmi_text_controller_0/inst/hdmi_text_controller_v1_0_AXI_inst/palette_regs_reg[7][12]/G is not reached by a timing clock
Related violations: <none>

TIMING-20#229 Warning
Non-clocked latch  
The latch mb_block/hdmi_text_controller_0/inst/hdmi_text_controller_v1_0_AXI_inst/palette_regs_reg[7][13] cannot be properly analyzed as its control pin mb_block/hdmi_text_controller_0/inst/hdmi_text_controller_v1_0_AXI_inst/palette_regs_reg[7][13]/G is not reached by a timing clock
Related violations: <none>

TIMING-20#230 Warning
Non-clocked latch  
The latch mb_block/hdmi_text_controller_0/inst/hdmi_text_controller_v1_0_AXI_inst/palette_regs_reg[7][14] cannot be properly analyzed as its control pin mb_block/hdmi_text_controller_0/inst/hdmi_text_controller_v1_0_AXI_inst/palette_regs_reg[7][14]/G is not reached by a timing clock
Related violations: <none>

TIMING-20#231 Warning
Non-clocked latch  
The latch mb_block/hdmi_text_controller_0/inst/hdmi_text_controller_v1_0_AXI_inst/palette_regs_reg[7][15] cannot be properly analyzed as its control pin mb_block/hdmi_text_controller_0/inst/hdmi_text_controller_v1_0_AXI_inst/palette_regs_reg[7][15]/G is not reached by a timing clock
Related violations: <none>

TIMING-20#232 Warning
Non-clocked latch  
The latch mb_block/hdmi_text_controller_0/inst/hdmi_text_controller_v1_0_AXI_inst/palette_regs_reg[7][16] cannot be properly analyzed as its control pin mb_block/hdmi_text_controller_0/inst/hdmi_text_controller_v1_0_AXI_inst/palette_regs_reg[7][16]/G is not reached by a timing clock
Related violations: <none>

TIMING-20#233 Warning
Non-clocked latch  
The latch mb_block/hdmi_text_controller_0/inst/hdmi_text_controller_v1_0_AXI_inst/palette_regs_reg[7][17] cannot be properly analyzed as its control pin mb_block/hdmi_text_controller_0/inst/hdmi_text_controller_v1_0_AXI_inst/palette_regs_reg[7][17]/G is not reached by a timing clock
Related violations: <none>

TIMING-20#234 Warning
Non-clocked latch  
The latch mb_block/hdmi_text_controller_0/inst/hdmi_text_controller_v1_0_AXI_inst/palette_regs_reg[7][18] cannot be properly analyzed as its control pin mb_block/hdmi_text_controller_0/inst/hdmi_text_controller_v1_0_AXI_inst/palette_regs_reg[7][18]/G is not reached by a timing clock
Related violations: <none>

TIMING-20#235 Warning
Non-clocked latch  
The latch mb_block/hdmi_text_controller_0/inst/hdmi_text_controller_v1_0_AXI_inst/palette_regs_reg[7][19] cannot be properly analyzed as its control pin mb_block/hdmi_text_controller_0/inst/hdmi_text_controller_v1_0_AXI_inst/palette_regs_reg[7][19]/G is not reached by a timing clock
Related violations: <none>

TIMING-20#236 Warning
Non-clocked latch  
The latch mb_block/hdmi_text_controller_0/inst/hdmi_text_controller_v1_0_AXI_inst/palette_regs_reg[7][1] cannot be properly analyzed as its control pin mb_block/hdmi_text_controller_0/inst/hdmi_text_controller_v1_0_AXI_inst/palette_regs_reg[7][1]/G is not reached by a timing clock
Related violations: <none>

TIMING-20#237 Warning
Non-clocked latch  
The latch mb_block/hdmi_text_controller_0/inst/hdmi_text_controller_v1_0_AXI_inst/palette_regs_reg[7][20] cannot be properly analyzed as its control pin mb_block/hdmi_text_controller_0/inst/hdmi_text_controller_v1_0_AXI_inst/palette_regs_reg[7][20]/G is not reached by a timing clock
Related violations: <none>

TIMING-20#238 Warning
Non-clocked latch  
The latch mb_block/hdmi_text_controller_0/inst/hdmi_text_controller_v1_0_AXI_inst/palette_regs_reg[7][21] cannot be properly analyzed as its control pin mb_block/hdmi_text_controller_0/inst/hdmi_text_controller_v1_0_AXI_inst/palette_regs_reg[7][21]/G is not reached by a timing clock
Related violations: <none>

TIMING-20#239 Warning
Non-clocked latch  
The latch mb_block/hdmi_text_controller_0/inst/hdmi_text_controller_v1_0_AXI_inst/palette_regs_reg[7][22] cannot be properly analyzed as its control pin mb_block/hdmi_text_controller_0/inst/hdmi_text_controller_v1_0_AXI_inst/palette_regs_reg[7][22]/G is not reached by a timing clock
Related violations: <none>

TIMING-20#240 Warning
Non-clocked latch  
The latch mb_block/hdmi_text_controller_0/inst/hdmi_text_controller_v1_0_AXI_inst/palette_regs_reg[7][23] cannot be properly analyzed as its control pin mb_block/hdmi_text_controller_0/inst/hdmi_text_controller_v1_0_AXI_inst/palette_regs_reg[7][23]/G is not reached by a timing clock
Related violations: <none>

TIMING-20#241 Warning
Non-clocked latch  
The latch mb_block/hdmi_text_controller_0/inst/hdmi_text_controller_v1_0_AXI_inst/palette_regs_reg[7][24] cannot be properly analyzed as its control pin mb_block/hdmi_text_controller_0/inst/hdmi_text_controller_v1_0_AXI_inst/palette_regs_reg[7][24]/G is not reached by a timing clock
Related violations: <none>

TIMING-20#242 Warning
Non-clocked latch  
The latch mb_block/hdmi_text_controller_0/inst/hdmi_text_controller_v1_0_AXI_inst/palette_regs_reg[7][25] cannot be properly analyzed as its control pin mb_block/hdmi_text_controller_0/inst/hdmi_text_controller_v1_0_AXI_inst/palette_regs_reg[7][25]/G is not reached by a timing clock
Related violations: <none>

TIMING-20#243 Warning
Non-clocked latch  
The latch mb_block/hdmi_text_controller_0/inst/hdmi_text_controller_v1_0_AXI_inst/palette_regs_reg[7][26] cannot be properly analyzed as its control pin mb_block/hdmi_text_controller_0/inst/hdmi_text_controller_v1_0_AXI_inst/palette_regs_reg[7][26]/G is not reached by a timing clock
Related violations: <none>

TIMING-20#244 Warning
Non-clocked latch  
The latch mb_block/hdmi_text_controller_0/inst/hdmi_text_controller_v1_0_AXI_inst/palette_regs_reg[7][27] cannot be properly analyzed as its control pin mb_block/hdmi_text_controller_0/inst/hdmi_text_controller_v1_0_AXI_inst/palette_regs_reg[7][27]/G is not reached by a timing clock
Related violations: <none>

TIMING-20#245 Warning
Non-clocked latch  
The latch mb_block/hdmi_text_controller_0/inst/hdmi_text_controller_v1_0_AXI_inst/palette_regs_reg[7][28] cannot be properly analyzed as its control pin mb_block/hdmi_text_controller_0/inst/hdmi_text_controller_v1_0_AXI_inst/palette_regs_reg[7][28]/G is not reached by a timing clock
Related violations: <none>

TIMING-20#246 Warning
Non-clocked latch  
The latch mb_block/hdmi_text_controller_0/inst/hdmi_text_controller_v1_0_AXI_inst/palette_regs_reg[7][29] cannot be properly analyzed as its control pin mb_block/hdmi_text_controller_0/inst/hdmi_text_controller_v1_0_AXI_inst/palette_regs_reg[7][29]/G is not reached by a timing clock
Related violations: <none>

TIMING-20#247 Warning
Non-clocked latch  
The latch mb_block/hdmi_text_controller_0/inst/hdmi_text_controller_v1_0_AXI_inst/palette_regs_reg[7][2] cannot be properly analyzed as its control pin mb_block/hdmi_text_controller_0/inst/hdmi_text_controller_v1_0_AXI_inst/palette_regs_reg[7][2]/G is not reached by a timing clock
Related violations: <none>

TIMING-20#248 Warning
Non-clocked latch  
The latch mb_block/hdmi_text_controller_0/inst/hdmi_text_controller_v1_0_AXI_inst/palette_regs_reg[7][30] cannot be properly analyzed as its control pin mb_block/hdmi_text_controller_0/inst/hdmi_text_controller_v1_0_AXI_inst/palette_regs_reg[7][30]/G is not reached by a timing clock
Related violations: <none>

TIMING-20#249 Warning
Non-clocked latch  
The latch mb_block/hdmi_text_controller_0/inst/hdmi_text_controller_v1_0_AXI_inst/palette_regs_reg[7][31] cannot be properly analyzed as its control pin mb_block/hdmi_text_controller_0/inst/hdmi_text_controller_v1_0_AXI_inst/palette_regs_reg[7][31]/G is not reached by a timing clock
Related violations: <none>

TIMING-20#250 Warning
Non-clocked latch  
The latch mb_block/hdmi_text_controller_0/inst/hdmi_text_controller_v1_0_AXI_inst/palette_regs_reg[7][3] cannot be properly analyzed as its control pin mb_block/hdmi_text_controller_0/inst/hdmi_text_controller_v1_0_AXI_inst/palette_regs_reg[7][3]/G is not reached by a timing clock
Related violations: <none>

TIMING-20#251 Warning
Non-clocked latch  
The latch mb_block/hdmi_text_controller_0/inst/hdmi_text_controller_v1_0_AXI_inst/palette_regs_reg[7][4] cannot be properly analyzed as its control pin mb_block/hdmi_text_controller_0/inst/hdmi_text_controller_v1_0_AXI_inst/palette_regs_reg[7][4]/G is not reached by a timing clock
Related violations: <none>

TIMING-20#252 Warning
Non-clocked latch  
The latch mb_block/hdmi_text_controller_0/inst/hdmi_text_controller_v1_0_AXI_inst/palette_regs_reg[7][5] cannot be properly analyzed as its control pin mb_block/hdmi_text_controller_0/inst/hdmi_text_controller_v1_0_AXI_inst/palette_regs_reg[7][5]/G is not reached by a timing clock
Related violations: <none>

TIMING-20#253 Warning
Non-clocked latch  
The latch mb_block/hdmi_text_controller_0/inst/hdmi_text_controller_v1_0_AXI_inst/palette_regs_reg[7][6] cannot be properly analyzed as its control pin mb_block/hdmi_text_controller_0/inst/hdmi_text_controller_v1_0_AXI_inst/palette_regs_reg[7][6]/G is not reached by a timing clock
Related violations: <none>

TIMING-20#254 Warning
Non-clocked latch  
The latch mb_block/hdmi_text_controller_0/inst/hdmi_text_controller_v1_0_AXI_inst/palette_regs_reg[7][7] cannot be properly analyzed as its control pin mb_block/hdmi_text_controller_0/inst/hdmi_text_controller_v1_0_AXI_inst/palette_regs_reg[7][7]/G is not reached by a timing clock
Related violations: <none>

TIMING-20#255 Warning
Non-clocked latch  
The latch mb_block/hdmi_text_controller_0/inst/hdmi_text_controller_v1_0_AXI_inst/palette_regs_reg[7][8] cannot be properly analyzed as its control pin mb_block/hdmi_text_controller_0/inst/hdmi_text_controller_v1_0_AXI_inst/palette_regs_reg[7][8]/G is not reached by a timing clock
Related violations: <none>

TIMING-20#256 Warning
Non-clocked latch  
The latch mb_block/hdmi_text_controller_0/inst/hdmi_text_controller_v1_0_AXI_inst/palette_regs_reg[7][9] cannot be properly analyzed as its control pin mb_block/hdmi_text_controller_0/inst/hdmi_text_controller_v1_0_AXI_inst/palette_regs_reg[7][9]/G is not reached by a timing clock
Related violations: <none>

LATCH-1#1 Advisory
Existing latches in the design  
There are 256 latches found in the design. Inferred latches are often the result of HDL coding mistakes, such as incomplete if or case statements.
Related violations: <none>


